request_id	correlation_id	started_at	status	time_total	remote_ip	url_effective	redirect_url
1	click-load-test-1	2026-06-26T21:56:59Z	404	0.283542	::1	https://localhost/r/GoThere1	
2	click-load-test-2	2026-06-26T21:56:59Z	404	0.196970	::1	https://localhost/r/GoThere1	
3	click-load-test-3	2026-06-26T21:56:59Z	404	0.258304	::1	https://localhost/r/GoThere1	
4	click-load-test-4	2026-06-26T21:56:59Z	404	0.226124	::1	https://localhost/r/GoThere1	
5	click-load-test-5	2026-06-26T21:56:59Z	404	0.202782	::1	https://localhost/r/GoThere1	
6	click-load-test-6	2026-06-26T21:56:59Z	404	0.153777	::1	https://localhost/r/GoThere1	
7	click-load-test-7	2026-06-26T21:56:59Z	404	0.193207	::1	https://localhost/r/GoThere1	
8	click-load-test-8	2026-06-26T21:56:59Z	404	0.125032	::1	https://localhost/r/GoThere1	
9	click-load-test-9	2026-06-26T21:56:59Z	404	0.132882	::1	https://localhost/r/GoThere1	
10	click-load-test-10	2026-06-26T21:56:59Z	404	0.193602	::1	https://localhost/r/GoThere1	
11	click-load-test-11	2026-06-26T21:56:59Z	404	0.226794	::1	https://localhost/r/GoThere1	
12	click-load-test-12	2026-06-26T21:56:59Z	404	0.209168	::1	https://localhost/r/GoThere1	
13	click-load-test-13	2026-06-26T21:56:59Z	404	0.223948	::1	https://localhost/r/GoThere1	
14	click-load-test-14	2026-06-26T21:56:59Z	404	0.239692	::1	https://localhost/r/GoThere1	
15	click-load-test-15	2026-06-26T21:56:59Z	404	0.259728	::1	https://localhost/r/GoThere1	
16	click-load-test-16	2026-06-26T21:57:00Z	404	0.266306	::1	https://localhost/r/GoThere1	
17	click-load-test-17	2026-06-26T21:57:00Z	404	0.300718	::1	https://localhost/r/GoThere1	
18	click-load-test-18	2026-06-26T21:57:00Z	404	0.308713	::1	https://localhost/r/GoThere1	
19	click-load-test-19	2026-06-26T21:57:00Z	404	0.286071	::1	https://localhost/r/GoThere1	
20	click-load-test-20	2026-06-26T21:57:00Z	404	0.267458	::1	https://localhost/r/GoThere1	
21	click-load-test-21	2026-06-26T21:57:00Z	404	0.319899	::1	https://localhost/r/GoThere1	
22	click-load-test-22	2026-06-26T21:57:00Z	404	0.357485	::1	https://localhost/r/GoThere1	
23	click-load-test-23	2026-06-26T21:57:00Z	404	0.400445	::1	https://localhost/r/GoThere1	
24	click-load-test-24	2026-06-26T21:57:00Z	404	0.458257	::1	https://localhost/r/GoThere1	
25	click-load-test-25	2026-06-26T21:57:00Z	404	0.420560	::1	https://localhost/r/GoThere1	
26	click-load-test-26	2026-06-26T21:57:00Z	404	0.456622	::1	https://localhost/r/GoThere1	
27	click-load-test-27	2026-06-26T21:57:00Z	404	0.449869	::1	https://localhost/r/GoThere1	
28	click-load-test-28	2026-06-26T21:57:00Z	404	0.467952	::1	https://localhost/r/GoThere1	
29	click-load-test-29	2026-06-26T21:57:00Z	404	0.474381	::1	https://localhost/r/GoThere1	
30	click-load-test-30	2026-06-26T21:57:00Z	404	0.430117	::1	https://localhost/r/GoThere1	
31	click-load-test-31	2026-06-26T21:57:00Z	404	0.413214	::1	https://localhost/r/GoThere1	
32	click-load-test-32	2026-06-26T21:57:00Z	404	0.394325	::1	https://localhost/r/GoThere1	
33	click-load-test-33	2026-06-26T21:57:00Z	404	0.398450	::1	https://localhost/r/GoThere1	
34	click-load-test-34	2026-06-26T21:57:00Z	404	0.392923	::1	https://localhost/r/GoThere1	
35	click-load-test-35	2026-06-26T21:57:00Z	404	0.406939	::1	https://localhost/r/GoThere1	
36	click-load-test-36	2026-06-26T21:57:00Z	404	0.403010	::1	https://localhost/r/GoThere1	
37	click-load-test-37	2026-06-26T21:57:00Z	404	0.417141	::1	https://localhost/r/GoThere1	
38	click-load-test-38	2026-06-26T21:57:00Z	404	0.413333	::1	https://localhost/r/GoThere1	
39	click-load-test-39	2026-06-26T21:57:00Z	404	0.406637	::1	https://localhost/r/GoThere1	
40	click-load-test-40	2026-06-26T21:57:00Z	404	0.435720	::1	https://localhost/r/GoThere1	
41	click-load-test-41	2026-06-26T21:57:00Z	404	0.457748	::1	https://localhost/r/GoThere1	
42	click-load-test-42	2026-06-26T21:57:00Z	404	0.469426	::1	https://localhost/r/GoThere1	
43	click-load-test-43	2026-06-26T21:57:00Z	404	0.485251	::1	https://localhost/r/GoThere1	
44	click-load-test-44	2026-06-26T21:57:00Z	404	0.473836	::1	https://localhost/r/GoThere1	
45	click-load-test-45	2026-06-26T21:57:00Z	404	0.510282	::1	https://localhost/r/GoThere1	
46	click-load-test-46	2026-06-26T21:57:00Z	404	0.531671	::1	https://localhost/r/GoThere1	
47	click-load-test-47	2026-06-26T21:57:00Z	404	0.519177	::1	https://localhost/r/GoThere1	
48	click-load-test-48	2026-06-26T21:57:00Z	404	0.535037	::1	https://localhost/r/GoThere1	
49	click-load-test-49	2026-06-26T21:57:00Z	404	0.545788	::1	https://localhost/r/GoThere1	
50	click-load-test-50	2026-06-26T21:57:00Z	404	0.574946	::1	https://localhost/r/GoThere1	
51	click-load-test-51	2026-06-26T21:57:00Z	404	0.589818	::1	https://localhost/r/GoThere1	
52	click-load-test-52	2026-06-26T21:57:00Z	404	0.602418	::1	https://localhost/r/GoThere1	
53	click-load-test-53	2026-06-26T21:57:00Z	404	0.600038	::1	https://localhost/r/GoThere1	
54	click-load-test-54	2026-06-26T21:57:00Z	404	0.611200	::1	https://localhost/r/GoThere1	
55	click-load-test-55	2026-06-26T21:57:00Z	404	0.610403	::1	https://localhost/r/GoThere1	
56	click-load-test-56	2026-06-26T21:57:00Z	404	0.615627	::1	https://localhost/r/GoThere1	
57	click-load-test-57	2026-06-26T21:57:00Z	404	0.598677	::1	https://localhost/r/GoThere1	
58	click-load-test-58	2026-06-26T21:57:00Z	404	0.598057	::1	https://localhost/r/GoThere1	
59	click-load-test-59	2026-06-26T21:57:00Z	404	0.603878	::1	https://localhost/r/GoThere1	
60	click-load-test-60	2026-06-26T21:57:00Z	404	0.616728	::1	https://localhost/r/GoThere1	
61	click-load-test-61	2026-06-26T21:57:00Z	404	0.588427	::1	https://localhost/r/GoThere1	
62	click-load-test-62	2026-06-26T21:57:00Z	404	0.610685	::1	https://localhost/r/GoThere1	
63	click-load-test-63	2026-06-26T21:57:00Z	404	0.610965	::1	https://localhost/r/GoThere1	
64	click-load-test-64	2026-06-26T21:57:00Z	404	0.615961	::1	https://localhost/r/GoThere1	
65	click-load-test-65	2026-06-26T21:57:00Z	404	0.607673	::1	https://localhost/r/GoThere1	
66	click-load-test-66	2026-06-26T21:57:00Z	404	0.618629	::1	https://localhost/r/GoThere1	
67	click-load-test-67	2026-06-26T21:57:00Z	404	0.616787	::1	https://localhost/r/GoThere1	
68	click-load-test-68	2026-06-26T21:57:00Z	404	0.628545	::1	https://localhost/r/GoThere1	
69	click-load-test-69	2026-06-26T21:57:00Z	404	0.635282	::1	https://localhost/r/GoThere1	
70	click-load-test-70	2026-06-26T21:57:00Z	404	0.631416	::1	https://localhost/r/GoThere1	
71	click-load-test-71	2026-06-26T21:57:00Z	404	0.637328	::1	https://localhost/r/GoThere1	
72	click-load-test-72	2026-06-26T21:57:00Z	404	0.643573	::1	https://localhost/r/GoThere1	
73	click-load-test-73	2026-06-26T21:57:00Z	404	0.650712	::1	https://localhost/r/GoThere1	
74	click-load-test-74	2026-06-26T21:57:00Z	404	0.658152	::1	https://localhost/r/GoThere1	
75	click-load-test-75	2026-06-26T21:57:00Z	404	0.670818	::1	https://localhost/r/GoThere1	
76	click-load-test-76	2026-06-26T21:57:00Z	404	0.686606	::1	https://localhost/r/GoThere1	
77	click-load-test-77	2026-06-26T21:57:00Z	404	0.705410	::1	https://localhost/r/GoThere1	
78	click-load-test-78	2026-06-26T21:57:00Z	404	0.710018	::1	https://localhost/r/GoThere1	
79	click-load-test-79	2026-06-26T21:57:00Z	404	0.702475	::1	https://localhost/r/GoThere1	
80	click-load-test-80	2026-06-26T21:57:01Z	404	0.705502	::1	https://localhost/r/GoThere1	
81	click-load-test-81	2026-06-26T21:57:01Z	404	0.722526	::1	https://localhost/r/GoThere1	
82	click-load-test-82	2026-06-26T21:57:01Z	404	0.740200	::1	https://localhost/r/GoThere1	
83	click-load-test-83	2026-06-26T21:57:01Z	404	0.720276	::1	https://localhost/r/GoThere1	
84	click-load-test-84	2026-06-26T21:57:01Z	404	0.736990	::1	https://localhost/r/GoThere1	
85	click-load-test-85	2026-06-26T21:57:01Z	404	0.725211	::1	https://localhost/r/GoThere1	
86	click-load-test-86	2026-06-26T21:57:01Z	404	0.727974	::1	https://localhost/r/GoThere1	
87	click-load-test-87	2026-06-26T21:57:01Z	404	0.732401	::1	https://localhost/r/GoThere1	
88	click-load-test-88	2026-06-26T21:57:01Z	404	0.730104	::1	https://localhost/r/GoThere1	
89	click-load-test-89	2026-06-26T21:57:01Z	404	0.736793	::1	https://localhost/r/GoThere1	
90	click-load-test-90	2026-06-26T21:57:01Z	404	0.739515	::1	https://localhost/r/GoThere1	
91	click-load-test-91	2026-06-26T21:57:01Z	404	0.741590	::1	https://localhost/r/GoThere1	
92	click-load-test-92	2026-06-26T21:57:01Z	404	0.740675	::1	https://localhost/r/GoThere1	
93	click-load-test-93	2026-06-26T21:57:01Z	404	0.743522	::1	https://localhost/r/GoThere1	
94	click-load-test-94	2026-06-26T21:57:01Z	404	0.721077	::1	https://localhost/r/GoThere1	
95	click-load-test-95	2026-06-26T21:57:01Z	404	0.723627	::1	https://localhost/r/GoThere1	
96	click-load-test-96	2026-06-26T21:57:01Z	404	0.722622	::1	https://localhost/r/GoThere1	
97	click-load-test-97	2026-06-26T21:57:01Z	404	0.730905	::1	https://localhost/r/GoThere1	
98	click-load-test-98	2026-06-26T21:57:01Z	404	0.740612	::1	https://localhost/r/GoThere1	
99	click-load-test-99	2026-06-26T21:57:01Z	404	0.732898	::1	https://localhost/r/GoThere1	
100	click-load-test-100	2026-06-26T21:57:01Z	404	0.732790	::1	https://localhost/r/GoThere1	
101	click-load-test-101	2026-06-26T21:57:01Z	404	0.748908	::1	https://localhost/r/GoThere1	
102	click-load-test-102	2026-06-26T21:57:01Z	404	0.739773	::1	https://localhost/r/GoThere1	
103	click-load-test-103	2026-06-26T21:57:01Z	404	0.782148	::1	https://localhost/r/GoThere1	
104	click-load-test-104	2026-06-26T21:57:01Z	404	0.785868	::1	https://localhost/r/GoThere1	
105	click-load-test-105	2026-06-26T21:57:01Z	404	0.784109	::1	https://localhost/r/GoThere1	
106	click-load-test-106	2026-06-26T21:57:01Z	404	0.821527	::1	https://localhost/r/GoThere1	
107	click-load-test-107	2026-06-26T21:57:01Z	404	0.840675	::1	https://localhost/r/GoThere1	
108	click-load-test-108	2026-06-26T21:57:01Z	404	0.823162	::1	https://localhost/r/GoThere1	
109	click-load-test-109	2026-06-26T21:57:01Z	404	0.828278	::1	https://localhost/r/GoThere1	
110	click-load-test-110	2026-06-26T21:57:01Z	404	0.818570	::1	https://localhost/r/GoThere1	
111	click-load-test-111	2026-06-26T21:57:01Z	404	0.807950	::1	https://localhost/r/GoThere1	
112	click-load-test-112	2026-06-26T21:57:01Z	404	0.817322	::1	https://localhost/r/GoThere1	
113	click-load-test-113	2026-06-26T21:57:01Z	404	0.829423	::1	https://localhost/r/GoThere1	
114	click-load-test-114	2026-06-26T21:57:01Z	404	0.850629	::1	https://localhost/r/GoThere1	
115	click-load-test-115	2026-06-26T21:57:01Z	404	0.839928	::1	https://localhost/r/GoThere1	
116	click-load-test-116	2026-06-26T21:57:01Z	404	0.847542	::1	https://localhost/r/GoThere1	
117	click-load-test-117	2026-06-26T21:57:01Z	404	0.871819	::1	https://localhost/r/GoThere1	
118	click-load-test-118	2026-06-26T21:57:01Z	404	0.860844	::1	https://localhost/r/GoThere1	
119	click-load-test-119	2026-06-26T21:57:01Z	404	0.874682	::1	https://localhost/r/GoThere1	
120	click-load-test-120	2026-06-26T21:57:01Z	404	0.870337	::1	https://localhost/r/GoThere1	
121	click-load-test-121	2026-06-26T21:57:01Z	404	0.884492	::1	https://localhost/r/GoThere1	
122	click-load-test-122	2026-06-26T21:57:01Z	404	0.880739	::1	https://localhost/r/GoThere1	
123	click-load-test-123	2026-06-26T21:57:01Z	404	0.864641	::1	https://localhost/r/GoThere1	
124	click-load-test-124	2026-06-26T21:57:01Z	404	0.878432	::1	https://localhost/r/GoThere1	
125	click-load-test-125	2026-06-26T21:57:01Z	404	0.862180	::1	https://localhost/r/GoThere1	
126	click-load-test-126	2026-06-26T21:57:01Z	404	0.872517	::1	https://localhost/r/GoThere1	
127	click-load-test-127	2026-06-26T21:57:01Z	404	0.874293	::1	https://localhost/r/GoThere1	
128	click-load-test-128	2026-06-26T21:57:01Z	404	0.892851	::1	https://localhost/r/GoThere1	
129	click-load-test-129	2026-06-26T21:57:01Z	404	0.900355	::1	https://localhost/r/GoThere1	
130	click-load-test-130	2026-06-26T21:57:01Z	404	0.908561	::1	https://localhost/r/GoThere1	
131	click-load-test-131	2026-06-26T21:57:01Z	404	0.905476	::1	https://localhost/r/GoThere1	
132	click-load-test-132	2026-06-26T21:57:01Z	404	0.922786	::1	https://localhost/r/GoThere1	
133	click-load-test-133	2026-06-26T21:57:01Z	404	0.923827	::1	https://localhost/r/GoThere1	
134	click-load-test-134	2026-06-26T21:57:01Z	404	0.926795	::1	https://localhost/r/GoThere1	
135	click-load-test-135	2026-06-26T21:57:01Z	404	0.931058	::1	https://localhost/r/GoThere1	
136	click-load-test-136	2026-06-26T21:57:01Z	404	0.939052	::1	https://localhost/r/GoThere1	
137	click-load-test-137	2026-06-26T21:57:01Z	404	0.967575	::1	https://localhost/r/GoThere1	
138	click-load-test-138	2026-06-26T21:57:01Z	404	0.961697	::1	https://localhost/r/GoThere1	
139	click-load-test-139	2026-06-26T21:57:01Z	404	0.994687	::1	https://localhost/r/GoThere1	
140	click-load-test-140	2026-06-26T21:57:01Z	404	1.029958	::1	https://localhost/r/GoThere1	
141	click-load-test-141	2026-06-26T21:57:01Z	404	1.021719	::1	https://localhost/r/GoThere1	
142	click-load-test-142	2026-06-26T21:57:01Z	404	1.029761	::1	https://localhost/r/GoThere1	
143	click-load-test-143	2026-06-26T21:57:01Z	404	1.027800	::1	https://localhost/r/GoThere1	
144	click-load-test-144	2026-06-26T21:57:01Z	404	1.026279	::1	https://localhost/r/GoThere1	
145	click-load-test-145	2026-06-26T21:57:02Z	404	1.017602	::1	https://localhost/r/GoThere1	
146	click-load-test-146	2026-06-26T21:57:02Z	404	1.041727	::1	https://localhost/r/GoThere1	
147	click-load-test-147	2026-06-26T21:57:02Z	404	1.048137	::1	https://localhost/r/GoThere1	
148	click-load-test-148	2026-06-26T21:57:02Z	404	1.051246	::1	https://localhost/r/GoThere1	
149	click-load-test-149	2026-06-26T21:57:02Z	404	1.044518	::1	https://localhost/r/GoThere1	
150	click-load-test-150	2026-06-26T21:57:02Z	404	1.016349	::1	https://localhost/r/GoThere1	
151	click-load-test-151	2026-06-26T21:57:02Z	404	1.045768	::1	https://localhost/r/GoThere1	
152	click-load-test-152	2026-06-26T21:57:02Z	404	1.056109	::1	https://localhost/r/GoThere1	
153	click-load-test-153	2026-06-26T21:57:02Z	404	1.062189	::1	https://localhost/r/GoThere1	
154	click-load-test-154	2026-06-26T21:57:02Z	404	1.061907	::1	https://localhost/r/GoThere1	
155	click-load-test-155	2026-06-26T21:57:02Z	404	1.115824	::1	https://localhost/r/GoThere1	
156	click-load-test-156	2026-06-26T21:57:02Z	404	1.109535	::1	https://localhost/r/GoThere1	
157	click-load-test-157	2026-06-26T21:57:02Z	404	1.105174	::1	https://localhost/r/GoThere1	
158	click-load-test-158	2026-06-26T21:57:02Z	404	1.129105	::1	https://localhost/r/GoThere1	
159	click-load-test-159	2026-06-26T21:57:02Z	404	1.184933	::1	https://localhost/r/GoThere1	
160	click-load-test-160	2026-06-26T21:57:02Z	404	1.161575	::1	https://localhost/r/GoThere1	
161	click-load-test-161	2026-06-26T21:57:02Z	404	1.164878	::1	https://localhost/r/GoThere1	
162	click-load-test-162	2026-06-26T21:57:02Z	404	1.137020	::1	https://localhost/r/GoThere1	
163	click-load-test-163	2026-06-26T21:57:02Z	404	1.133233	::1	https://localhost/r/GoThere1	
164	click-load-test-164	2026-06-26T21:57:02Z	404	1.191200	::1	https://localhost/r/GoThere1	
165	click-load-test-165	2026-06-26T21:57:02Z	404	1.145089	::1	https://localhost/r/GoThere1	
166	click-load-test-166	2026-06-26T21:57:02Z	404	1.164531	::1	https://localhost/r/GoThere1	
167	click-load-test-167	2026-06-26T21:57:02Z	404	1.130982	::1	https://localhost/r/GoThere1	
168	click-load-test-168	2026-06-26T21:57:02Z	404	1.133445	::1	https://localhost/r/GoThere1	
169	click-load-test-169	2026-06-26T21:57:02Z	404	1.116775	::1	https://localhost/r/GoThere1	
170	click-load-test-170	2026-06-26T21:57:02Z	404	1.121542	::1	https://localhost/r/GoThere1	
171	click-load-test-171	2026-06-26T21:57:02Z	404	1.108496	::1	https://localhost/r/GoThere1	
172	click-load-test-172	2026-06-26T21:57:02Z	404	1.146331	::1	https://localhost/r/GoThere1	
173	click-load-test-173	2026-06-26T21:57:02Z	404	1.169990	::1	https://localhost/r/GoThere1	
174	click-load-test-174	2026-06-26T21:57:02Z	404	1.229360	::1	https://localhost/r/GoThere1	
175	click-load-test-175	2026-06-26T21:57:02Z	404	1.228479	::1	https://localhost/r/GoThere1	
176	click-load-test-176	2026-06-26T21:57:02Z	404	1.233019	::1	https://localhost/r/GoThere1	
177	click-load-test-177	2026-06-26T21:57:02Z	404	1.234394	::1	https://localhost/r/GoThere1	
178	click-load-test-178	2026-06-26T21:57:02Z	404	1.231408	::1	https://localhost/r/GoThere1	
179	click-load-test-179	2026-06-26T21:57:02Z	404	1.235788	::1	https://localhost/r/GoThere1	
180	click-load-test-180	2026-06-26T21:57:02Z	404	1.230931	::1	https://localhost/r/GoThere1	
181	click-load-test-181	2026-06-26T21:57:02Z	404	1.228599	::1	https://localhost/r/GoThere1	
182	click-load-test-182	2026-06-26T21:57:02Z	404	1.209361	::1	https://localhost/r/GoThere1	
183	click-load-test-183	2026-06-26T21:57:02Z	404	1.230643	::1	https://localhost/r/GoThere1	
184	click-load-test-184	2026-06-26T21:57:02Z	404	1.267409	::1	https://localhost/r/GoThere1	
185	click-load-test-185	2026-06-26T21:57:02Z	404	1.286835	::1	https://localhost/r/GoThere1	
186	click-load-test-186	2026-06-26T21:57:02Z	404	1.305932	::1	https://localhost/r/GoThere1	
187	click-load-test-187	2026-06-26T21:57:02Z	404	1.357149	::1	https://localhost/r/GoThere1	
188	click-load-test-188	2026-06-26T21:57:02Z	404	1.322039	::1	https://localhost/r/GoThere1	
189	click-load-test-189	2026-06-26T21:57:02Z	404	1.331397	::1	https://localhost/r/GoThere1	
190	click-load-test-190	2026-06-26T21:57:03Z	404	1.308096	::1	https://localhost/r/GoThere1	
191	click-load-test-191	2026-06-26T21:57:03Z	404	1.298070	::1	https://localhost/r/GoThere1	
192	click-load-test-192	2026-06-26T21:57:03Z	404	1.314601	::1	https://localhost/r/GoThere1	
193	click-load-test-193	2026-06-26T21:57:03Z	404	1.335689	::1	https://localhost/r/GoThere1	
194	click-load-test-194	2026-06-26T21:57:03Z	404	1.373456	::1	https://localhost/r/GoThere1	
195	click-load-test-195	2026-06-26T21:57:03Z	404	1.390626	::1	https://localhost/r/GoThere1	
196	click-load-test-196	2026-06-26T21:57:03Z	404	1.422310	::1	https://localhost/r/GoThere1	
197	click-load-test-197	2026-06-26T21:57:03Z	404	1.553439	::1	https://localhost/r/GoThere1	
198	click-load-test-198	2026-06-26T21:57:03Z	404	1.735364	::1	https://localhost/r/GoThere1	
199	click-load-test-199	2026-06-26T21:57:03Z	404	1.762373	::1	https://localhost/r/GoThere1	
200	click-load-test-200	2026-06-26T21:57:03Z	404	1.756865	::1	https://localhost/r/GoThere1	
201	click-load-test-201	2026-06-26T21:57:03Z	404	1.754784	::1	https://localhost/r/GoThere1	
202	click-load-test-202	2026-06-26T21:57:03Z	404	1.780417	::1	https://localhost/r/GoThere1	
203	click-load-test-203	2026-06-26T21:57:03Z	404	1.785746	::1	https://localhost/r/GoThere1	
204	click-load-test-204	2026-06-26T21:57:03Z	404	1.769082	::1	https://localhost/r/GoThere1	
205	click-load-test-205	2026-06-26T21:57:03Z	404	1.733425	::1	https://localhost/r/GoThere1	
206	click-load-test-206	2026-06-26T21:57:03Z	404	1.731900	::1	https://localhost/r/GoThere1	
207	click-load-test-207	2026-06-26T21:57:03Z	404	1.734538	::1	https://localhost/r/GoThere1	
208	click-load-test-208	2026-06-26T21:57:03Z	404	1.722885	::1	https://localhost/r/GoThere1	
209	click-load-test-209	2026-06-26T21:57:03Z	404	1.664760	::1	https://localhost/r/GoThere1	
210	click-load-test-210	2026-06-26T21:57:03Z	404	1.699868	::1	https://localhost/r/GoThere1	
211	click-load-test-211	2026-06-26T21:57:03Z	404	1.679322	::1	https://localhost/r/GoThere1	
212	click-load-test-212	2026-06-26T21:57:03Z	404	1.727486	::1	https://localhost/r/GoThere1	
213	click-load-test-213	2026-06-26T21:57:03Z	404	1.731555	::1	https://localhost/r/GoThere1	
214	click-load-test-214	2026-06-26T21:57:03Z	404	1.726664	::1	https://localhost/r/GoThere1	
215	click-load-test-215	2026-06-26T21:57:03Z	404	1.741089	::1	https://localhost/r/GoThere1	
216	click-load-test-216	2026-06-26T21:57:03Z	404	1.837985	::1	https://localhost/r/GoThere1	
217	click-load-test-217	2026-06-26T21:57:03Z	404	1.718758	::1	https://localhost/r/GoThere1	
218	click-load-test-218	2026-06-26T21:57:03Z	404	1.839875	::1	https://localhost/r/GoThere1	
219	click-load-test-219	2026-06-26T21:57:03Z	404	1.820313	::1	https://localhost/r/GoThere1	
220	click-load-test-220	2026-06-26T21:57:03Z	404	1.835444	::1	https://localhost/r/GoThere1	
221	click-load-test-221	2026-06-26T21:57:03Z	404	1.854848	::1	https://localhost/r/GoThere1	
222	click-load-test-222	2026-06-26T21:57:03Z	404	1.853782	::1	https://localhost/r/GoThere1	
223	click-load-test-223	2026-06-26T21:57:03Z	404	1.844527	::1	https://localhost/r/GoThere1	
224	click-load-test-224	2026-06-26T21:57:03Z	404	1.784922	::1	https://localhost/r/GoThere1	
225	click-load-test-225	2026-06-26T21:57:03Z	404	1.772001	::1	https://localhost/r/GoThere1	
226	click-load-test-226	2026-06-26T21:57:03Z	404	1.784401	::1	https://localhost/r/GoThere1	
227	click-load-test-227	2026-06-26T21:57:04Z	404	1.784308	::1	https://localhost/r/GoThere1	
228	click-load-test-228	2026-06-26T21:57:04Z	404	1.850232	::1	https://localhost/r/GoThere1	
229	click-load-test-229	2026-06-26T21:57:04Z	404	1.872261	::1	https://localhost/r/GoThere1	
230	click-load-test-230	2026-06-26T21:57:04Z	404	1.853006	::1	https://localhost/r/GoThere1	
231	click-load-test-231	2026-06-26T21:57:04Z	404	1.831837	::1	https://localhost/r/GoThere1	
232	click-load-test-232	2026-06-26T21:57:04Z	404	1.818600	::1	https://localhost/r/GoThere1	
233	click-load-test-233	2026-06-26T21:57:04Z	404	1.813303	::1	https://localhost/r/GoThere1	
234	click-load-test-234	2026-06-26T21:57:04Z	404	1.789198	::1	https://localhost/r/GoThere1	
235	click-load-test-235	2026-06-26T21:57:04Z	404	1.769935	::1	https://localhost/r/GoThere1	
236	click-load-test-236	2026-06-26T21:57:04Z	404	1.745765	::1	https://localhost/r/GoThere1	
237	click-load-test-237	2026-06-26T21:57:04Z	404	1.745996	::1	https://localhost/r/GoThere1	
238	click-load-test-238	2026-06-26T21:57:04Z	404	1.730462	::1	https://localhost/r/GoThere1	
239	click-load-test-239	2026-06-26T21:57:04Z	404	1.736182	::1	https://localhost/r/GoThere1	
240	click-load-test-240	2026-06-26T21:57:04Z	404	1.722852	::1	https://localhost/r/GoThere1	
241	click-load-test-241	2026-06-26T21:57:04Z	404	1.726823	::1	https://localhost/r/GoThere1	
242	click-load-test-242	2026-06-26T21:57:04Z	404	1.702071	::1	https://localhost/r/GoThere1	
243	click-load-test-243	2026-06-26T21:57:04Z	404	1.581232	::1	https://localhost/r/GoThere1	
244	click-load-test-244	2026-06-26T21:57:04Z	404	1.453414	::1	https://localhost/r/GoThere1	
245	click-load-test-245	2026-06-26T21:57:04Z	404	1.477138	::1	https://localhost/r/GoThere1	
246	click-load-test-246	2026-06-26T21:57:04Z	404	1.430757	::1	https://localhost/r/GoThere1	
247	click-load-test-247	2026-06-26T21:57:04Z	404	1.292185	::1	https://localhost/r/GoThere1	
248	click-load-test-248	2026-06-26T21:57:05Z	404	1.248275	::1	https://localhost/r/GoThere1	
249	click-load-test-249	2026-06-26T21:57:05Z	404	1.240453	::1	https://localhost/r/GoThere1	
250	click-load-test-250	2026-06-26T21:57:05Z	404	1.243043	::1	https://localhost/r/GoThere1	
251	click-load-test-251	2026-06-26T21:57:05Z	404	1.242824	::1	https://localhost/r/GoThere1	
252	click-load-test-252	2026-06-26T21:57:05Z	404	1.165317	::1	https://localhost/r/GoThere1	
253	click-load-test-253	2026-06-26T21:57:05Z	404	1.172204	::1	https://localhost/r/GoThere1	
254	click-load-test-254	2026-06-26T21:57:05Z	404	1.176767	::1	https://localhost/r/GoThere1	
255	click-load-test-255	2026-06-26T21:57:05Z	404	1.198352	::1	https://localhost/r/GoThere1	
256	click-load-test-256	2026-06-26T21:57:05Z	404	1.169863	::1	https://localhost/r/GoThere1	
257	click-load-test-257	2026-06-26T21:57:05Z	404	1.142767	::1	https://localhost/r/GoThere1	
258	click-load-test-258	2026-06-26T21:57:05Z	404	1.162857	::1	https://localhost/r/GoThere1	
259	click-load-test-259	2026-06-26T21:57:05Z	404	1.161752	::1	https://localhost/r/GoThere1	
260	click-load-test-260	2026-06-26T21:57:05Z	404	1.161290	::1	https://localhost/r/GoThere1	
261	click-load-test-261	2026-06-26T21:57:05Z	404	1.160813	::1	https://localhost/r/GoThere1	
262	click-load-test-262	2026-06-26T21:57:05Z	404	1.107009	::1	https://localhost/r/GoThere1	
263	click-load-test-263	2026-06-26T21:57:05Z	404	1.096664	::1	https://localhost/r/GoThere1	
264	click-load-test-264	2026-06-26T21:57:05Z	404	1.081010	::1	https://localhost/r/GoThere1	
265	click-load-test-265	2026-06-26T21:57:05Z	404	1.026333	::1	https://localhost/r/GoThere1	
266	click-load-test-266	2026-06-26T21:57:05Z	404	1.027093	::1	https://localhost/r/GoThere1	
267	click-load-test-267	2026-06-26T21:57:05Z	404	0.977689	::1	https://localhost/r/GoThere1	
268	click-load-test-268	2026-06-26T21:57:05Z	404	0.941070	::1	https://localhost/r/GoThere1	
269	click-load-test-269	2026-06-26T21:57:05Z	404	0.931317	::1	https://localhost/r/GoThere1	
270	click-load-test-270	2026-06-26T21:57:05Z	404	0.916633	::1	https://localhost/r/GoThere1	
271	click-load-test-271	2026-06-26T21:57:05Z	404	0.866942	::1	https://localhost/r/GoThere1	
272	click-load-test-272	2026-06-26T21:57:05Z	404	0.875220	::1	https://localhost/r/GoThere1	
273	click-load-test-273	2026-06-26T21:57:05Z	404	0.836937	::1	https://localhost/r/GoThere1	
274	click-load-test-274	2026-06-26T21:57:05Z	404	0.826784	::1	https://localhost/r/GoThere1	
275	click-load-test-275	2026-06-26T21:57:05Z	404	0.829909	::1	https://localhost/r/GoThere1	
276	click-load-test-276	2026-06-26T21:57:05Z	404	0.827562	::1	https://localhost/r/GoThere1	
277	click-load-test-277	2026-06-26T21:57:05Z	404	0.833776	::1	https://localhost/r/GoThere1	
278	click-load-test-278	2026-06-26T21:57:05Z	404	0.836117	::1	https://localhost/r/GoThere1	
279	click-load-test-279	2026-06-26T21:57:05Z	404	0.828819	::1	https://localhost/r/GoThere1	
280	click-load-test-280	2026-06-26T21:57:06Z	404	0.834799	::1	https://localhost/r/GoThere1	
281	click-load-test-281	2026-06-26T21:57:06Z	404	0.819589	::1	https://localhost/r/GoThere1	
282	click-load-test-282	2026-06-26T21:57:06Z	404	0.818694	::1	https://localhost/r/GoThere1	
283	click-load-test-283	2026-06-26T21:57:06Z	404	0.792885	::1	https://localhost/r/GoThere1	
284	click-load-test-284	2026-06-26T21:57:06Z	404	0.795506	::1	https://localhost/r/GoThere1	
285	click-load-test-285	2026-06-26T21:57:06Z	404	0.791261	::1	https://localhost/r/GoThere1	
286	click-load-test-286	2026-06-26T21:57:06Z	404	0.785116	::1	https://localhost/r/GoThere1	
287	click-load-test-287	2026-06-26T21:57:06Z	404	0.789978	::1	https://localhost/r/GoThere1	
288	click-load-test-288	2026-06-26T21:57:06Z	404	0.768672	::1	https://localhost/r/GoThere1	
289	click-load-test-289	2026-06-26T21:57:06Z	404	0.774897	::1	https://localhost/r/GoThere1	
290	click-load-test-290	2026-06-26T21:57:06Z	404	0.776807	::1	https://localhost/r/GoThere1	
291	click-load-test-291	2026-06-26T21:57:06Z	404	0.747582	::1	https://localhost/r/GoThere1	
292	click-load-test-292	2026-06-26T21:57:06Z	404	0.736495	::1	https://localhost/r/GoThere1	
293	click-load-test-293	2026-06-26T21:57:06Z	404	0.722179	::1	https://localhost/r/GoThere1	
294	click-load-test-294	2026-06-26T21:57:06Z	404	0.729278	::1	https://localhost/r/GoThere1	
295	click-load-test-295	2026-06-26T21:57:06Z	404	0.731457	::1	https://localhost/r/GoThere1	
296	click-load-test-296	2026-06-26T21:57:06Z	404	0.719679	::1	https://localhost/r/GoThere1	
297	click-load-test-297	2026-06-26T21:57:06Z	404	0.718310	::1	https://localhost/r/GoThere1	
298	click-load-test-298	2026-06-26T21:57:06Z	404	0.709529	::1	https://localhost/r/GoThere1	
299	click-load-test-299	2026-06-26T21:57:06Z	404	0.702166	::1	https://localhost/r/GoThere1	
300	click-load-test-300	2026-06-26T21:57:06Z	404	0.713619	::1	https://localhost/r/GoThere1	
301	click-load-test-301	2026-06-26T21:57:06Z	404	0.696086	::1	https://localhost/r/GoThere1	
302	click-load-test-302	2026-06-26T21:57:06Z	404	0.689945	::1	https://localhost/r/GoThere1	
303	click-load-test-303	2026-06-26T21:57:06Z	404	0.696623	::1	https://localhost/r/GoThere1	
304	click-load-test-304	2026-06-26T21:57:06Z	404	0.694813	::1	https://localhost/r/GoThere1	
305	click-load-test-305	2026-06-26T21:57:06Z	404	0.705442	::1	https://localhost/r/GoThere1	
306	click-load-test-306	2026-06-26T21:57:06Z	404	0.683562	::1	https://localhost/r/GoThere1	
307	click-load-test-307	2026-06-26T21:57:06Z	404	0.697832	::1	https://localhost/r/GoThere1	
308	click-load-test-308	2026-06-26T21:57:06Z	404	0.703068	::1	https://localhost/r/GoThere1	
309	click-load-test-309	2026-06-26T21:57:06Z	404	0.714548	::1	https://localhost/r/GoThere1	
310	click-load-test-310	2026-06-26T21:57:06Z	404	0.715477	::1	https://localhost/r/GoThere1	
311	click-load-test-311	2026-06-26T21:57:06Z	404	0.719886	::1	https://localhost/r/GoThere1	
312	click-load-test-312	2026-06-26T21:57:06Z	404	0.716434	::1	https://localhost/r/GoThere1	
313	click-load-test-313	2026-06-26T21:57:06Z	404	0.723088	::1	https://localhost/r/GoThere1	
314	click-load-test-314	2026-06-26T21:57:06Z	404	0.735228	::1	https://localhost/r/GoThere1	
315	click-load-test-315	2026-06-26T21:57:06Z	404	0.744018	::1	https://localhost/r/GoThere1	
316	click-load-test-316	2026-06-26T21:57:06Z	404	0.763269	::1	https://localhost/r/GoThere1	
317	click-load-test-317	2026-06-26T21:57:06Z	404	0.767773	::1	https://localhost/r/GoThere1	
318	click-load-test-318	2026-06-26T21:57:06Z	404	0.780407	::1	https://localhost/r/GoThere1	
319	click-load-test-319	2026-06-26T21:57:06Z	404	0.789828	::1	https://localhost/r/GoThere1	
320	click-load-test-320	2026-06-26T21:57:06Z	404	0.793006	::1	https://localhost/r/GoThere1	
321	click-load-test-321	2026-06-26T21:57:06Z	404	0.811026	::1	https://localhost/r/GoThere1	
322	click-load-test-322	2026-06-26T21:57:06Z	404	0.816031	::1	https://localhost/r/GoThere1	
323	click-load-test-323	2026-06-26T21:57:06Z	404	0.800637	::1	https://localhost/r/GoThere1	
324	click-load-test-324	2026-06-26T21:57:06Z	404	0.813533	::1	https://localhost/r/GoThere1	
325	click-load-test-325	2026-06-26T21:57:06Z	404	0.827900	::1	https://localhost/r/GoThere1	
326	click-load-test-326	2026-06-26T21:57:06Z	404	0.832557	::1	https://localhost/r/GoThere1	
327	click-load-test-327	2026-06-26T21:57:06Z	404	0.831475	::1	https://localhost/r/GoThere1	
328	click-load-test-328	2026-06-26T21:57:06Z	404	0.840702	::1	https://localhost/r/GoThere1	
329	click-load-test-329	2026-06-26T21:57:06Z	404	0.830663	::1	https://localhost/r/GoThere1	
330	click-load-test-330	2026-06-26T21:57:06Z	404	0.833534	::1	https://localhost/r/GoThere1	
331	click-load-test-331	2026-06-26T21:57:06Z	404	0.851108	::1	https://localhost/r/GoThere1	
332	click-load-test-332	2026-06-26T21:57:06Z	404	0.855060	::1	https://localhost/r/GoThere1	
333	click-load-test-333	2026-06-26T21:57:06Z	404	0.864998	::1	https://localhost/r/GoThere1	
334	click-load-test-334	2026-06-26T21:57:06Z	404	0.867462	::1	https://localhost/r/GoThere1	
335	click-load-test-335	2026-06-26T21:57:06Z	404	0.874651	::1	https://localhost/r/GoThere1	
336	click-load-test-336	2026-06-26T21:57:06Z	404	0.885754	::1	https://localhost/r/GoThere1	
337	click-load-test-337	2026-06-26T21:57:06Z	404	0.878272	::1	https://localhost/r/GoThere1	
338	click-load-test-338	2026-06-26T21:57:06Z	404	0.893028	::1	https://localhost/r/GoThere1	
339	click-load-test-339	2026-06-26T21:57:07Z	404	0.896856	::1	https://localhost/r/GoThere1	
340	click-load-test-340	2026-06-26T21:57:07Z	404	0.897344	::1	https://localhost/r/GoThere1	
341	click-load-test-341	2026-06-26T21:57:07Z	404	0.918842	::1	https://localhost/r/GoThere1	
342	click-load-test-342	2026-06-26T21:57:07Z	404	0.912587	::1	https://localhost/r/GoThere1	
343	click-load-test-343	2026-06-26T21:57:07Z	404	0.897697	::1	https://localhost/r/GoThere1	
344	click-load-test-344	2026-06-26T21:57:07Z	404	0.919962	::1	https://localhost/r/GoThere1	
345	click-load-test-345	2026-06-26T21:57:07Z	404	0.915262	::1	https://localhost/r/GoThere1	
346	click-load-test-346	2026-06-26T21:57:07Z	404	0.921738	::1	https://localhost/r/GoThere1	
347	click-load-test-347	2026-06-26T21:57:07Z	404	0.933041	::1	https://localhost/r/GoThere1	
348	click-load-test-348	2026-06-26T21:57:07Z	404	0.927854	::1	https://localhost/r/GoThere1	
349	click-load-test-349	2026-06-26T21:57:07Z	404	0.909282	::1	https://localhost/r/GoThere1	
350	click-load-test-350	2026-06-26T21:57:07Z	404	0.906731	::1	https://localhost/r/GoThere1	
351	click-load-test-351	2026-06-26T21:57:07Z	404	0.889315	::1	https://localhost/r/GoThere1	
352	click-load-test-352	2026-06-26T21:57:07Z	404	0.897151	::1	https://localhost/r/GoThere1	
353	click-load-test-353	2026-06-26T21:57:07Z	404	0.913054	::1	https://localhost/r/GoThere1	
354	click-load-test-354	2026-06-26T21:57:07Z	404	0.888198	::1	https://localhost/r/GoThere1	
355	click-load-test-355	2026-06-26T21:57:07Z	404	0.894701	::1	https://localhost/r/GoThere1	
356	click-load-test-356	2026-06-26T21:57:07Z	404	0.887657	::1	https://localhost/r/GoThere1	
357	click-load-test-357	2026-06-26T21:57:07Z	404	0.879282	::1	https://localhost/r/GoThere1	
358	click-load-test-358	2026-06-26T21:57:07Z	404	0.881294	::1	https://localhost/r/GoThere1	
359	click-load-test-359	2026-06-26T21:57:07Z	404	0.865835	::1	https://localhost/r/GoThere1	
360	click-load-test-360	2026-06-26T21:57:07Z	404	0.860477	::1	https://localhost/r/GoThere1	
361	click-load-test-361	2026-06-26T21:57:07Z	404	0.852623	::1	https://localhost/r/GoThere1	
362	click-load-test-362	2026-06-26T21:57:07Z	404	0.861780	::1	https://localhost/r/GoThere1	
363	click-load-test-363	2026-06-26T21:57:07Z	404	0.842594	::1	https://localhost/r/GoThere1	
364	click-load-test-364	2026-06-26T21:57:07Z	404	0.835192	::1	https://localhost/r/GoThere1	
365	click-load-test-365	2026-06-26T21:57:07Z	404	0.829540	::1	https://localhost/r/GoThere1	
366	click-load-test-366	2026-06-26T21:57:07Z	404	0.799282	::1	https://localhost/r/GoThere1	
367	click-load-test-367	2026-06-26T21:57:07Z	404	0.796103	::1	https://localhost/r/GoThere1	
368	click-load-test-368	2026-06-26T21:57:07Z	404	0.782468	::1	https://localhost/r/GoThere1	
369	click-load-test-369	2026-06-26T21:57:07Z	404	0.784640	::1	https://localhost/r/GoThere1	
370	click-load-test-370	2026-06-26T21:57:07Z	404	0.778374	::1	https://localhost/r/GoThere1	
371	click-load-test-371	2026-06-26T21:57:07Z	404	0.750602	::1	https://localhost/r/GoThere1	
372	click-load-test-372	2026-06-26T21:57:07Z	404	0.752089	::1	https://localhost/r/GoThere1	
373	click-load-test-373	2026-06-26T21:57:07Z	404	0.752586	::1	https://localhost/r/GoThere1	
374	click-load-test-374	2026-06-26T21:57:07Z	404	0.746645	::1	https://localhost/r/GoThere1	
375	click-load-test-375	2026-06-26T21:57:07Z	404	0.741427	::1	https://localhost/r/GoThere1	
376	click-load-test-376	2026-06-26T21:57:07Z	404	0.745983	::1	https://localhost/r/GoThere1	
377	click-load-test-377	2026-06-26T21:57:07Z	404	0.742027	::1	https://localhost/r/GoThere1	
378	click-load-test-378	2026-06-26T21:57:07Z	404	0.739526	::1	https://localhost/r/GoThere1	
379	click-load-test-379	2026-06-26T21:57:07Z	404	0.750761	::1	https://localhost/r/GoThere1	
380	click-load-test-380	2026-06-26T21:57:07Z	404	0.754685	::1	https://localhost/r/GoThere1	
381	click-load-test-381	2026-06-26T21:57:07Z	404	0.737385	::1	https://localhost/r/GoThere1	
382	click-load-test-382	2026-06-26T21:57:07Z	404	0.737862	::1	https://localhost/r/GoThere1	
383	click-load-test-383	2026-06-26T21:57:07Z	404	0.753525	::1	https://localhost/r/GoThere1	
384	click-load-test-384	2026-06-26T21:57:07Z	404	0.761130	::1	https://localhost/r/GoThere1	
385	click-load-test-385	2026-06-26T21:57:07Z	404	0.742207	::1	https://localhost/r/GoThere1	
386	click-load-test-386	2026-06-26T21:57:07Z	404	0.756652	::1	https://localhost/r/GoThere1	
387	click-load-test-387	2026-06-26T21:57:07Z	404	0.774215	::1	https://localhost/r/GoThere1	
388	click-load-test-388	2026-06-26T21:57:07Z	404	0.768656	::1	https://localhost/r/GoThere1	
389	click-load-test-389	2026-06-26T21:57:07Z	404	0.778856	::1	https://localhost/r/GoThere1	
390	click-load-test-390	2026-06-26T21:57:07Z	404	0.780754	::1	https://localhost/r/GoThere1	
391	click-load-test-391	2026-06-26T21:57:08Z	404	0.764887	::1	https://localhost/r/GoThere1	
392	click-load-test-392	2026-06-26T21:57:08Z	404	0.797905	::1	https://localhost/r/GoThere1	
393	click-load-test-393	2026-06-26T21:57:08Z	404	0.753684	::1	https://localhost/r/GoThere1	
394	click-load-test-394	2026-06-26T21:57:08Z	404	0.780496	::1	https://localhost/r/GoThere1	
395	click-load-test-395	2026-06-26T21:57:08Z	404	0.811154	::1	https://localhost/r/GoThere1	
396	click-load-test-396	2026-06-26T21:57:08Z	404	0.821245	::1	https://localhost/r/GoThere1	
397	click-load-test-397	2026-06-26T21:57:08Z	404	0.847422	::1	https://localhost/r/GoThere1	
398	click-load-test-398	2026-06-26T21:57:08Z	404	0.828897	::1	https://localhost/r/GoThere1	
399	click-load-test-399	2026-06-26T21:57:08Z	404	0.842639	::1	https://localhost/r/GoThere1	
400	click-load-test-400	2026-06-26T21:57:08Z	404	0.845536	::1	https://localhost/r/GoThere1	
401	click-load-test-401	2026-06-26T21:57:08Z	404	0.847737	::1	https://localhost/r/GoThere1	
402	click-load-test-402	2026-06-26T21:57:08Z	404	0.835605	::1	https://localhost/r/GoThere1	
403	click-load-test-403	2026-06-26T21:57:08Z	404	0.828361	::1	https://localhost/r/GoThere1	
404	click-load-test-404	2026-06-26T21:57:08Z	404	0.833109	::1	https://localhost/r/GoThere1	
405	click-load-test-405	2026-06-26T21:57:08Z	404	0.829871	::1	https://localhost/r/GoThere1	
406	click-load-test-406	2026-06-26T21:57:08Z	404	0.826685	::1	https://localhost/r/GoThere1	
407	click-load-test-407	2026-06-26T21:57:08Z	404	0.829425	::1	https://localhost/r/GoThere1	
408	click-load-test-408	2026-06-26T21:57:08Z	404	0.833955	::1	https://localhost/r/GoThere1	
409	click-load-test-409	2026-06-26T21:57:08Z	404	0.847656	::1	https://localhost/r/GoThere1	
410	click-load-test-410	2026-06-26T21:57:08Z	404	0.880187	::1	https://localhost/r/GoThere1	
411	click-load-test-411	2026-06-26T21:57:08Z	404	0.870855	::1	https://localhost/r/GoThere1	
412	click-load-test-412	2026-06-26T21:57:08Z	404	0.867346	::1	https://localhost/r/GoThere1	
413	click-load-test-413	2026-06-26T21:57:08Z	404	0.873837	::1	https://localhost/r/GoThere1	
414	click-load-test-414	2026-06-26T21:57:08Z	404	0.881891	::1	https://localhost/r/GoThere1	
415	click-load-test-415	2026-06-26T21:57:08Z	404	0.871352	::1	https://localhost/r/GoThere1	
416	click-load-test-416	2026-06-26T21:57:08Z	404	0.876645	::1	https://localhost/r/GoThere1	
417	click-load-test-417	2026-06-26T21:57:08Z	404	0.879542	::1	https://localhost/r/GoThere1	
418	click-load-test-418	2026-06-26T21:57:08Z	404	0.873806	::1	https://localhost/r/GoThere1	
419	click-load-test-419	2026-06-26T21:57:08Z	404	0.865258	::1	https://localhost/r/GoThere1	
420	click-load-test-420	2026-06-26T21:57:08Z	404	0.868318	::1	https://localhost/r/GoThere1	
421	click-load-test-421	2026-06-26T21:57:08Z	404	0.872635	::1	https://localhost/r/GoThere1	
422	click-load-test-422	2026-06-26T21:57:08Z	404	0.874571	::1	https://localhost/r/GoThere1	
423	click-load-test-423	2026-06-26T21:57:08Z	404	0.851447	::1	https://localhost/r/GoThere1	
424	click-load-test-424	2026-06-26T21:57:08Z	404	0.848451	::1	https://localhost/r/GoThere1	
425	click-load-test-425	2026-06-26T21:57:08Z	404	0.857003	::1	https://localhost/r/GoThere1	
426	click-load-test-426	2026-06-26T21:57:08Z	404	0.859480	::1	https://localhost/r/GoThere1	
427	click-load-test-427	2026-06-26T21:57:08Z	404	0.869700	::1	https://localhost/r/GoThere1	
428	click-load-test-428	2026-06-26T21:57:08Z	404	0.873452	::1	https://localhost/r/GoThere1	
429	click-load-test-429	2026-06-26T21:57:08Z	404	0.851415	::1	https://localhost/r/GoThere1	
430	click-load-test-430	2026-06-26T21:57:08Z	404	0.847848	::1	https://localhost/r/GoThere1	
431	click-load-test-431	2026-06-26T21:57:08Z	404	0.839111	::1	https://localhost/r/GoThere1	
432	click-load-test-432	2026-06-26T21:57:08Z	404	0.821468	::1	https://localhost/r/GoThere1	
433	click-load-test-433	2026-06-26T21:57:08Z	404	0.818572	::1	https://localhost/r/GoThere1	
434	click-load-test-434	2026-06-26T21:57:08Z	404	0.824057	::1	https://localhost/r/GoThere1	
435	click-load-test-435	2026-06-26T21:57:08Z	404	0.827661	::1	https://localhost/r/GoThere1	
436	click-load-test-436	2026-06-26T21:57:08Z	404	0.835649	::1	https://localhost/r/GoThere1	
437	click-load-test-437	2026-06-26T21:57:08Z	404	0.808703	::1	https://localhost/r/GoThere1	
438	click-load-test-438	2026-06-26T21:57:08Z	404	0.804571	::1	https://localhost/r/GoThere1	
439	click-load-test-439	2026-06-26T21:57:08Z	404	0.790163	::1	https://localhost/r/GoThere1	
440	click-load-test-440	2026-06-26T21:57:08Z	404	0.838466	::1	https://localhost/r/GoThere1	
441	click-load-test-441	2026-06-26T21:57:08Z	404	0.829676	::1	https://localhost/r/GoThere1	
442	click-load-test-442	2026-06-26T21:57:08Z	404	0.858003	::1	https://localhost/r/GoThere1	
443	click-load-test-443	2026-06-26T21:57:08Z	404	0.840244	::1	https://localhost/r/GoThere1	
444	click-load-test-444	2026-06-26T21:57:08Z	404	0.830861	::1	https://localhost/r/GoThere1	
445	click-load-test-445	2026-06-26T21:57:08Z	404	0.811966	::1	https://localhost/r/GoThere1	
446	click-load-test-446	2026-06-26T21:57:08Z	404	0.816064	::1	https://localhost/r/GoThere1	
447	click-load-test-447	2026-06-26T21:57:09Z	404	0.788430	::1	https://localhost/r/GoThere1	
448	click-load-test-448	2026-06-26T21:57:09Z	404	0.794252	::1	https://localhost/r/GoThere1	
449	click-load-test-449	2026-06-26T21:57:09Z	404	0.801504	::1	https://localhost/r/GoThere1	
450	click-load-test-450	2026-06-26T21:57:09Z	404	0.799529	::1	https://localhost/r/GoThere1	
451	click-load-test-451	2026-06-26T21:57:09Z	404	0.799654	::1	https://localhost/r/GoThere1	
452	click-load-test-452	2026-06-26T21:57:09Z	404	0.802894	::1	https://localhost/r/GoThere1	
453	click-load-test-453	2026-06-26T21:57:09Z	404	0.796009	::1	https://localhost/r/GoThere1	
454	click-load-test-454	2026-06-26T21:57:09Z	404	0.795578	::1	https://localhost/r/GoThere1	
455	click-load-test-455	2026-06-26T21:57:09Z	404	0.832705	::1	https://localhost/r/GoThere1	
456	click-load-test-456	2026-06-26T21:57:09Z	404	0.815039	::1	https://localhost/r/GoThere1	
457	click-load-test-457	2026-06-26T21:57:09Z	404	0.868754	::1	https://localhost/r/GoThere1	
458	click-load-test-458	2026-06-26T21:57:09Z	404	0.876136	::1	https://localhost/r/GoThere1	
459	click-load-test-459	2026-06-26T21:57:09Z	404	0.876267	::1	https://localhost/r/GoThere1	
460	click-load-test-460	2026-06-26T21:57:09Z	404	0.850983	::1	https://localhost/r/GoThere1	
461	click-load-test-461	2026-06-26T21:57:09Z	404	0.856020	::1	https://localhost/r/GoThere1	
462	click-load-test-462	2026-06-26T21:57:09Z	404	0.870200	::1	https://localhost/r/GoThere1	
463	click-load-test-463	2026-06-26T21:57:09Z	404	0.864008	::1	https://localhost/r/GoThere1	
464	click-load-test-464	2026-06-26T21:57:09Z	404	0.860439	::1	https://localhost/r/GoThere1	
465	click-load-test-465	2026-06-26T21:57:09Z	404	0.873780	::1	https://localhost/r/GoThere1	
466	click-load-test-466	2026-06-26T21:57:09Z	404	0.882758	::1	https://localhost/r/GoThere1	
467	click-load-test-467	2026-06-26T21:57:09Z	404	0.867940	::1	https://localhost/r/GoThere1	
468	click-load-test-468	2026-06-26T21:57:09Z	404	0.875252	::1	https://localhost/r/GoThere1	
469	click-load-test-469	2026-06-26T21:57:09Z	404	0.871872	::1	https://localhost/r/GoThere1	
470	click-load-test-470	2026-06-26T21:57:09Z	404	0.871172	::1	https://localhost/r/GoThere1	
471	click-load-test-471	2026-06-26T21:57:09Z	404	0.859599	::1	https://localhost/r/GoThere1	
472	click-load-test-472	2026-06-26T21:57:09Z	404	0.868154	::1	https://localhost/r/GoThere1	
473	click-load-test-473	2026-06-26T21:57:09Z	404	0.874571	::1	https://localhost/r/GoThere1	
474	click-load-test-474	2026-06-26T21:57:09Z	404	0.877209	::1	https://localhost/r/GoThere1	
475	click-load-test-475	2026-06-26T21:57:09Z	404	0.879190	::1	https://localhost/r/GoThere1	
476	click-load-test-476	2026-06-26T21:57:09Z	404	0.868980	::1	https://localhost/r/GoThere1	
477	click-load-test-477	2026-06-26T21:57:09Z	404	0.864862	::1	https://localhost/r/GoThere1	
478	click-load-test-478	2026-06-26T21:57:09Z	404	0.851829	::1	https://localhost/r/GoThere1	
479	click-load-test-479	2026-06-26T21:57:09Z	404	0.858728	::1	https://localhost/r/GoThere1	
480	click-load-test-480	2026-06-26T21:57:09Z	404	0.878739	::1	https://localhost/r/GoThere1	
481	click-load-test-481	2026-06-26T21:57:09Z	404	0.876170	::1	https://localhost/r/GoThere1	
482	click-load-test-482	2026-06-26T21:57:09Z	404	0.885044	::1	https://localhost/r/GoThere1	
483	click-load-test-483	2026-06-26T21:57:09Z	404	0.884672	::1	https://localhost/r/GoThere1	
484	click-load-test-484	2026-06-26T21:57:09Z	404	0.887083	::1	https://localhost/r/GoThere1	
485	click-load-test-485	2026-06-26T21:57:09Z	404	0.858888	::1	https://localhost/r/GoThere1	
486	click-load-test-486	2026-06-26T21:57:09Z	404	0.822312	::1	https://localhost/r/GoThere1	
487	click-load-test-487	2026-06-26T21:57:09Z	404	0.817732	::1	https://localhost/r/GoThere1	
488	click-load-test-488	2026-06-26T21:57:09Z	404	0.824793	::1	https://localhost/r/GoThere1	
489	click-load-test-489	2026-06-26T21:57:09Z	404	0.852933	::1	https://localhost/r/GoThere1	
490	click-load-test-490	2026-06-26T21:57:09Z	404	0.876656	::1	https://localhost/r/GoThere1	
491	click-load-test-491	2026-06-26T21:57:09Z	404	0.883326	::1	https://localhost/r/GoThere1	
492	click-load-test-492	2026-06-26T21:57:09Z	404	0.857631	::1	https://localhost/r/GoThere1	
493	click-load-test-493	2026-06-26T21:57:09Z	404	0.863468	::1	https://localhost/r/GoThere1	
494	click-load-test-494	2026-06-26T21:57:09Z	404	0.873690	::1	https://localhost/r/GoThere1	
495	click-load-test-495	2026-06-26T21:57:09Z	404	0.906095	::1	https://localhost/r/GoThere1	
496	click-load-test-496	2026-06-26T21:57:09Z	404	0.922372	::1	https://localhost/r/GoThere1	
497	click-load-test-497	2026-06-26T21:57:09Z	404	0.922525	::1	https://localhost/r/GoThere1	
498	click-load-test-498	2026-06-26T21:57:09Z	404	0.926502	::1	https://localhost/r/GoThere1	
499	click-load-test-499	2026-06-26T21:57:09Z	404	0.913368	::1	https://localhost/r/GoThere1	
500	click-load-test-500	2026-06-26T21:57:09Z	404	0.926593	::1	https://localhost/r/GoThere1	
501	click-load-test-501	2026-06-26T21:57:09Z	404	0.889087	::1	https://localhost/r/GoThere1	
502	click-load-test-502	2026-06-26T21:57:09Z	404	0.885417	::1	https://localhost/r/GoThere1	
503	click-load-test-503	2026-06-26T21:57:10Z	404	0.829229	::1	https://localhost/r/GoThere1	
504	click-load-test-504	2026-06-26T21:57:10Z	404	0.850966	::1	https://localhost/r/GoThere1	
505	click-load-test-505	2026-06-26T21:57:10Z	404	0.858020	::1	https://localhost/r/GoThere1	
506	click-load-test-506	2026-06-26T21:57:10Z	404	0.856777	::1	https://localhost/r/GoThere1	
507	click-load-test-507	2026-06-26T21:57:10Z	404	0.841067	::1	https://localhost/r/GoThere1	
508	click-load-test-508	2026-06-26T21:57:10Z	404	0.843120	::1	https://localhost/r/GoThere1	
509	click-load-test-509	2026-06-26T21:57:10Z	404	0.844876	::1	https://localhost/r/GoThere1	
510	click-load-test-510	2026-06-26T21:57:10Z	404	0.863542	::1	https://localhost/r/GoThere1	
511	click-load-test-511	2026-06-26T21:57:10Z	404	0.875760	::1	https://localhost/r/GoThere1	
512	click-load-test-512	2026-06-26T21:57:10Z	404	0.879620	::1	https://localhost/r/GoThere1	
513	click-load-test-513	2026-06-26T21:57:10Z	404	0.875111	::1	https://localhost/r/GoThere1	
514	click-load-test-514	2026-06-26T21:57:10Z	404	0.865605	::1	https://localhost/r/GoThere1	
515	click-load-test-515	2026-06-26T21:57:10Z	404	0.890800	::1	https://localhost/r/GoThere1	
516	click-load-test-516	2026-06-26T21:57:10Z	404	0.914522	::1	https://localhost/r/GoThere1	
517	click-load-test-517	2026-06-26T21:57:10Z	404	0.912683	::1	https://localhost/r/GoThere1	
518	click-load-test-518	2026-06-26T21:57:10Z	404	0.911061	::1	https://localhost/r/GoThere1	
519	click-load-test-519	2026-06-26T21:57:10Z	404	0.920938	::1	https://localhost/r/GoThere1	
520	click-load-test-520	2026-06-26T21:57:10Z	404	0.910012	::1	https://localhost/r/GoThere1	
521	click-load-test-521	2026-06-26T21:57:10Z	404	0.914861	::1	https://localhost/r/GoThere1	
522	click-load-test-522	2026-06-26T21:57:10Z	404	0.922312	::1	https://localhost/r/GoThere1	
523	click-load-test-523	2026-06-26T21:57:10Z	404	0.925281	::1	https://localhost/r/GoThere1	
524	click-load-test-524	2026-06-26T21:57:10Z	404	0.926076	::1	https://localhost/r/GoThere1	
525	click-load-test-525	2026-06-26T21:57:10Z	404	0.941202	::1	https://localhost/r/GoThere1	
526	click-load-test-526	2026-06-26T21:57:10Z	404	0.950320	::1	https://localhost/r/GoThere1	
527	click-load-test-527	2026-06-26T21:57:10Z	404	0.958619	::1	https://localhost/r/GoThere1	
528	click-load-test-528	2026-06-26T21:57:10Z	404	0.962843	::1	https://localhost/r/GoThere1	
529	click-load-test-529	2026-06-26T21:57:10Z	404	0.988635	::1	https://localhost/r/GoThere1	
530	click-load-test-530	2026-06-26T21:57:10Z	404	1.005944	::1	https://localhost/r/GoThere1	
531	click-load-test-531	2026-06-26T21:57:10Z	404	0.981398	::1	https://localhost/r/GoThere1	
532	click-load-test-532	2026-06-26T21:57:10Z	404	0.999120	::1	https://localhost/r/GoThere1	
533	click-load-test-533	2026-06-26T21:57:10Z	404	0.979299	::1	https://localhost/r/GoThere1	
534	click-load-test-534	2026-06-26T21:57:10Z	404	0.989788	::1	https://localhost/r/GoThere1	
535	click-load-test-535	2026-06-26T21:57:10Z	404	1.009142	::1	https://localhost/r/GoThere1	
536	click-load-test-536	2026-06-26T21:57:10Z	404	0.967117	::1	https://localhost/r/GoThere1	
537	click-load-test-537	2026-06-26T21:57:10Z	404	0.976348	::1	https://localhost/r/GoThere1	
538	click-load-test-538	2026-06-26T21:57:10Z	404	0.964609	::1	https://localhost/r/GoThere1	
539	click-load-test-539	2026-06-26T21:57:10Z	404	0.964994	::1	https://localhost/r/GoThere1	
540	click-load-test-540	2026-06-26T21:57:10Z	404	0.954601	::1	https://localhost/r/GoThere1	
541	click-load-test-541	2026-06-26T21:57:10Z	404	0.966521	::1	https://localhost/r/GoThere1	
542	click-load-test-542	2026-06-26T21:57:10Z	404	0.947548	::1	https://localhost/r/GoThere1	
543	click-load-test-543	2026-06-26T21:57:10Z	404	0.952489	::1	https://localhost/r/GoThere1	
544	click-load-test-544	2026-06-26T21:57:10Z	404	0.973844	::1	https://localhost/r/GoThere1	
545	click-load-test-545	2026-06-26T21:57:10Z	404	0.962644	::1	https://localhost/r/GoThere1	
546	click-load-test-546	2026-06-26T21:57:10Z	404	0.940465	::1	https://localhost/r/GoThere1	
547	click-load-test-547	2026-06-26T21:57:10Z	404	0.940701	::1	https://localhost/r/GoThere1	
548	click-load-test-548	2026-06-26T21:57:10Z	404	0.941528	::1	https://localhost/r/GoThere1	
549	click-load-test-549	2026-06-26T21:57:10Z	404	0.926892	::1	https://localhost/r/GoThere1	
550	click-load-test-550	2026-06-26T21:57:10Z	404	0.930414	::1	https://localhost/r/GoThere1	
551	click-load-test-551	2026-06-26T21:57:10Z	404	0.937324	::1	https://localhost/r/GoThere1	
552	click-load-test-552	2026-06-26T21:57:10Z	404	0.926838	::1	https://localhost/r/GoThere1	
553	click-load-test-553	2026-06-26T21:57:10Z	404	0.926427	::1	https://localhost/r/GoThere1	
554	click-load-test-554	2026-06-26T21:57:10Z	404	0.922520	::1	https://localhost/r/GoThere1	
555	click-load-test-555	2026-06-26T21:57:10Z	404	0.913347	::1	https://localhost/r/GoThere1	
556	click-load-test-556	2026-06-26T21:57:11Z	404	0.915201	::1	https://localhost/r/GoThere1	
557	click-load-test-557	2026-06-26T21:57:11Z	404	0.910854	::1	https://localhost/r/GoThere1	
558	click-load-test-558	2026-06-26T21:57:11Z	404	0.897936	::1	https://localhost/r/GoThere1	
559	click-load-test-559	2026-06-26T21:57:11Z	404	0.893281	::1	https://localhost/r/GoThere1	
560	click-load-test-560	2026-06-26T21:57:11Z	404	0.886199	::1	https://localhost/r/GoThere1	
561	click-load-test-561	2026-06-26T21:57:11Z	404	0.875366	::1	https://localhost/r/GoThere1	
562	click-load-test-562	2026-06-26T21:57:11Z	404	0.874750	::1	https://localhost/r/GoThere1	
563	click-load-test-563	2026-06-26T21:57:11Z	404	0.881179	::1	https://localhost/r/GoThere1	
564	click-load-test-564	2026-06-26T21:57:11Z	404	0.883719	::1	https://localhost/r/GoThere1	
565	click-load-test-565	2026-06-26T21:57:11Z	404	0.870043	::1	https://localhost/r/GoThere1	
566	click-load-test-566	2026-06-26T21:57:11Z	404	0.849493	::1	https://localhost/r/GoThere1	
567	click-load-test-567	2026-06-26T21:57:11Z	404	0.856431	::1	https://localhost/r/GoThere1	
568	click-load-test-568	2026-06-26T21:57:11Z	404	0.844851	::1	https://localhost/r/GoThere1	
569	click-load-test-569	2026-06-26T21:57:11Z	404	0.826437	::1	https://localhost/r/GoThere1	
570	click-load-test-570	2026-06-26T21:57:11Z	404	0.824530	::1	https://localhost/r/GoThere1	
571	click-load-test-571	2026-06-26T21:57:11Z	404	0.832632	::1	https://localhost/r/GoThere1	
572	click-load-test-572	2026-06-26T21:57:11Z	404	0.827373	::1	https://localhost/r/GoThere1	
573	click-load-test-573	2026-06-26T21:57:11Z	404	0.841479	::1	https://localhost/r/GoThere1	
574	click-load-test-574	2026-06-26T21:57:11Z	404	0.810059	::1	https://localhost/r/GoThere1	
575	click-load-test-575	2026-06-26T21:57:11Z	404	0.810887	::1	https://localhost/r/GoThere1	
576	click-load-test-576	2026-06-26T21:57:11Z	404	0.775539	::1	https://localhost/r/GoThere1	
577	click-load-test-577	2026-06-26T21:57:11Z	404	0.779197	::1	https://localhost/r/GoThere1	
578	click-load-test-578	2026-06-26T21:57:11Z	404	0.767443	::1	https://localhost/r/GoThere1	
579	click-load-test-579	2026-06-26T21:57:11Z	404	0.758213	::1	https://localhost/r/GoThere1	
580	click-load-test-580	2026-06-26T21:57:11Z	404	0.741827	::1	https://localhost/r/GoThere1	
581	click-load-test-581	2026-06-26T21:57:11Z	404	0.738164	::1	https://localhost/r/GoThere1	
582	click-load-test-582	2026-06-26T21:57:11Z	404	0.732171	::1	https://localhost/r/GoThere1	
583	click-load-test-583	2026-06-26T21:57:11Z	404	0.739403	::1	https://localhost/r/GoThere1	
584	click-load-test-584	2026-06-26T21:57:11Z	404	0.721062	::1	https://localhost/r/GoThere1	
585	click-load-test-585	2026-06-26T21:57:11Z	404	0.728400	::1	https://localhost/r/GoThere1	
586	click-load-test-586	2026-06-26T21:57:11Z	404	0.723966	::1	https://localhost/r/GoThere1	
587	click-load-test-587	2026-06-26T21:57:11Z	404	0.717610	::1	https://localhost/r/GoThere1	
588	click-load-test-588	2026-06-26T21:57:11Z	404	0.731318	::1	https://localhost/r/GoThere1	
589	click-load-test-589	2026-06-26T21:57:11Z	404	0.738702	::1	https://localhost/r/GoThere1	
590	click-load-test-590	2026-06-26T21:57:11Z	404	0.716763	::1	https://localhost/r/GoThere1	
591	click-load-test-591	2026-06-26T21:57:11Z	404	0.722973	::1	https://localhost/r/GoThere1	
592	click-load-test-592	2026-06-26T21:57:11Z	404	0.721019	::1	https://localhost/r/GoThere1	
593	click-load-test-593	2026-06-26T21:57:11Z	404	0.729232	::1	https://localhost/r/GoThere1	
594	click-load-test-594	2026-06-26T21:57:11Z	404	0.720690	::1	https://localhost/r/GoThere1	
595	click-load-test-595	2026-06-26T21:57:11Z	404	0.742372	::1	https://localhost/r/GoThere1	
596	click-load-test-596	2026-06-26T21:57:11Z	404	0.749125	::1	https://localhost/r/GoThere1	
597	click-load-test-597	2026-06-26T21:57:11Z	404	0.772080	::1	https://localhost/r/GoThere1	
598	click-load-test-598	2026-06-26T21:57:11Z	404	0.780567	::1	https://localhost/r/GoThere1	
599	click-load-test-599	2026-06-26T21:57:11Z	404	0.822659	::1	https://localhost/r/GoThere1	
600	click-load-test-600	2026-06-26T21:57:11Z	404	0.819923	::1	https://localhost/r/GoThere1	
601	click-load-test-601	2026-06-26T21:57:11Z	404	0.819911	::1	https://localhost/r/GoThere1	
602	click-load-test-602	2026-06-26T21:57:11Z	404	0.840570	::1	https://localhost/r/GoThere1	
603	click-load-test-603	2026-06-26T21:57:11Z	404	0.839268	::1	https://localhost/r/GoThere1	
604	click-load-test-604	2026-06-26T21:57:11Z	404	0.836818	::1	https://localhost/r/GoThere1	
605	click-load-test-605	2026-06-26T21:57:11Z	404	0.845650	::1	https://localhost/r/GoThere1	
606	click-load-test-606	2026-06-26T21:57:11Z	404	0.842062	::1	https://localhost/r/GoThere1	
607	click-load-test-607	2026-06-26T21:57:11Z	404	0.849813	::1	https://localhost/r/GoThere1	
608	click-load-test-608	2026-06-26T21:57:12Z	404	0.840818	::1	https://localhost/r/GoThere1	
609	click-load-test-609	2026-06-26T21:57:12Z	404	0.848187	::1	https://localhost/r/GoThere1	
610	click-load-test-610	2026-06-26T21:57:12Z	404	0.846563	::1	https://localhost/r/GoThere1	
611	click-load-test-611	2026-06-26T21:57:12Z	404	0.842618	::1	https://localhost/r/GoThere1	
612	click-load-test-612	2026-06-26T21:57:12Z	404	0.850564	::1	https://localhost/r/GoThere1	
613	click-load-test-613	2026-06-26T21:57:12Z	404	0.854257	::1	https://localhost/r/GoThere1	
614	click-load-test-614	2026-06-26T21:57:12Z	404	0.845618	::1	https://localhost/r/GoThere1	
615	click-load-test-615	2026-06-26T21:57:12Z	404	0.852725	::1	https://localhost/r/GoThere1	
616	click-load-test-616	2026-06-26T21:57:12Z	404	0.851835	::1	https://localhost/r/GoThere1	
617	click-load-test-617	2026-06-26T21:57:12Z	404	0.854943	::1	https://localhost/r/GoThere1	
618	click-load-test-618	2026-06-26T21:57:12Z	404	0.857411	::1	https://localhost/r/GoThere1	
619	click-load-test-619	2026-06-26T21:57:12Z	404	0.852344	::1	https://localhost/r/GoThere1	
620	click-load-test-620	2026-06-26T21:57:12Z	404	0.851262	::1	https://localhost/r/GoThere1	
621	click-load-test-621	2026-06-26T21:57:12Z	404	0.847021	::1	https://localhost/r/GoThere1	
622	click-load-test-622	2026-06-26T21:57:12Z	404	0.860188	::1	https://localhost/r/GoThere1	
623	click-load-test-623	2026-06-26T21:57:12Z	404	0.860455	::1	https://localhost/r/GoThere1	
624	click-load-test-624	2026-06-26T21:57:12Z	404	0.866660	::1	https://localhost/r/GoThere1	
625	click-load-test-625	2026-06-26T21:57:12Z	404	0.857968	::1	https://localhost/r/GoThere1	
626	click-load-test-626	2026-06-26T21:57:12Z	404	0.859383	::1	https://localhost/r/GoThere1	
627	click-load-test-627	2026-06-26T21:57:12Z	404	0.863712	::1	https://localhost/r/GoThere1	
628	click-load-test-628	2026-06-26T21:57:12Z	404	0.870007	::1	https://localhost/r/GoThere1	
629	click-load-test-629	2026-06-26T21:57:12Z	404	0.874153	::1	https://localhost/r/GoThere1	
630	click-load-test-630	2026-06-26T21:57:12Z	404	0.889426	::1	https://localhost/r/GoThere1	
631	click-load-test-631	2026-06-26T21:57:12Z	404	0.877394	::1	https://localhost/r/GoThere1	
632	click-load-test-632	2026-06-26T21:57:12Z	404	0.874449	::1	https://localhost/r/GoThere1	
633	click-load-test-633	2026-06-26T21:57:12Z	404	0.882288	::1	https://localhost/r/GoThere1	
634	click-load-test-634	2026-06-26T21:57:12Z	404	0.878195	::1	https://localhost/r/GoThere1	
635	click-load-test-635	2026-06-26T21:57:12Z	404	0.885198	::1	https://localhost/r/GoThere1	
636	click-load-test-636	2026-06-26T21:57:12Z	404	0.895659	::1	https://localhost/r/GoThere1	
637	click-load-test-637	2026-06-26T21:57:12Z	404	0.895945	::1	https://localhost/r/GoThere1	
638	click-load-test-638	2026-06-26T21:57:12Z	404	0.879173	::1	https://localhost/r/GoThere1	
639	click-load-test-639	2026-06-26T21:57:12Z	404	0.873117	::1	https://localhost/r/GoThere1	
640	click-load-test-640	2026-06-26T21:57:12Z	404	0.861189	::1	https://localhost/r/GoThere1	
641	click-load-test-641	2026-06-26T21:57:12Z	404	0.849848	::1	https://localhost/r/GoThere1	
642	click-load-test-642	2026-06-26T21:57:12Z	404	0.843634	::1	https://localhost/r/GoThere1	
643	click-load-test-643	2026-06-26T21:57:12Z	404	0.858543	::1	https://localhost/r/GoThere1	
644	click-load-test-644	2026-06-26T21:57:12Z	404	0.855291	::1	https://localhost/r/GoThere1	
645	click-load-test-645	2026-06-26T21:57:12Z	404	0.817429	::1	https://localhost/r/GoThere1	
646	click-load-test-646	2026-06-26T21:57:12Z	404	0.824031	::1	https://localhost/r/GoThere1	
647	click-load-test-647	2026-06-26T21:57:12Z	404	0.782852	::1	https://localhost/r/GoThere1	
648	click-load-test-648	2026-06-26T21:57:12Z	404	0.784777	::1	https://localhost/r/GoThere1	
649	click-load-test-649	2026-06-26T21:57:12Z	404	0.766307	::1	https://localhost/r/GoThere1	
650	click-load-test-650	2026-06-26T21:57:12Z	404	0.778682	::1	https://localhost/r/GoThere1	
651	click-load-test-651	2026-06-26T21:57:12Z	404	0.786357	::1	https://localhost/r/GoThere1	
652	click-load-test-652	2026-06-26T21:57:12Z	404	0.780518	::1	https://localhost/r/GoThere1	
653	click-load-test-653	2026-06-26T21:57:12Z	404	0.773225	::1	https://localhost/r/GoThere1	
654	click-load-test-654	2026-06-26T21:57:12Z	404	0.768866	::1	https://localhost/r/GoThere1	
655	click-load-test-655	2026-06-26T21:57:12Z	404	0.754096	::1	https://localhost/r/GoThere1	
656	click-load-test-656	2026-06-26T21:57:12Z	404	0.770655	::1	https://localhost/r/GoThere1	
657	click-load-test-657	2026-06-26T21:57:12Z	404	0.787531	::1	https://localhost/r/GoThere1	
658	click-load-test-658	2026-06-26T21:57:12Z	404	0.818190	::1	https://localhost/r/GoThere1	
659	click-load-test-659	2026-06-26T21:57:12Z	404	0.851406	::1	https://localhost/r/GoThere1	
660	click-load-test-660	2026-06-26T21:57:12Z	404	0.853237	::1	https://localhost/r/GoThere1	
661	click-load-test-661	2026-06-26T21:57:12Z	404	0.836907	::1	https://localhost/r/GoThere1	
662	click-load-test-662	2026-06-26T21:57:12Z	404	0.834513	::1	https://localhost/r/GoThere1	
663	click-load-test-663	2026-06-26T21:57:13Z	404	0.879958	::1	https://localhost/r/GoThere1	
664	click-load-test-664	2026-06-26T21:57:13Z	404	0.898273	::1	https://localhost/r/GoThere1	
665	click-load-test-665	2026-06-26T21:57:13Z	404	0.895959	::1	https://localhost/r/GoThere1	
666	click-load-test-666	2026-06-26T21:57:13Z	404	0.911064	::1	https://localhost/r/GoThere1	
667	click-load-test-667	2026-06-26T21:57:13Z	404	0.884033	::1	https://localhost/r/GoThere1	
668	click-load-test-668	2026-06-26T21:57:13Z	404	0.911100	::1	https://localhost/r/GoThere1	
669	click-load-test-669	2026-06-26T21:57:13Z	404	0.914472	::1	https://localhost/r/GoThere1	
670	click-load-test-670	2026-06-26T21:57:13Z	404	0.944700	::1	https://localhost/r/GoThere1	
671	click-load-test-671	2026-06-26T21:57:13Z	404	0.957558	::1	https://localhost/r/GoThere1	
672	click-load-test-672	2026-06-26T21:57:13Z	404	0.971933	::1	https://localhost/r/GoThere1	
673	click-load-test-673	2026-06-26T21:57:13Z	404	0.975152	::1	https://localhost/r/GoThere1	
674	click-load-test-674	2026-06-26T21:57:13Z	404	0.980693	::1	https://localhost/r/GoThere1	
675	click-load-test-675	2026-06-26T21:57:13Z	404	0.985161	::1	https://localhost/r/GoThere1	
676	click-load-test-676	2026-06-26T21:57:13Z	404	0.989465	::1	https://localhost/r/GoThere1	
677	click-load-test-677	2026-06-26T21:57:13Z	404	0.988718	::1	https://localhost/r/GoThere1	
678	click-load-test-678	2026-06-26T21:57:13Z	404	0.995777	::1	https://localhost/r/GoThere1	
679	click-load-test-679	2026-06-26T21:57:13Z	404	0.993532	::1	https://localhost/r/GoThere1	
680	click-load-test-680	2026-06-26T21:57:13Z	404	0.970082	::1	https://localhost/r/GoThere1	
681	click-load-test-681	2026-06-26T21:57:13Z	404	0.977327	::1	https://localhost/r/GoThere1	
682	click-load-test-682	2026-06-26T21:57:13Z	404	0.986221	::1	https://localhost/r/GoThere1	
683	click-load-test-683	2026-06-26T21:57:13Z	404	1.010971	::1	https://localhost/r/GoThere1	
684	click-load-test-684	2026-06-26T21:57:13Z	404	0.994854	::1	https://localhost/r/GoThere1	
685	click-load-test-685	2026-06-26T21:57:13Z	404	0.991773	::1	https://localhost/r/GoThere1	
686	click-load-test-686	2026-06-26T21:57:13Z	404	0.996347	::1	https://localhost/r/GoThere1	
687	click-load-test-687	2026-06-26T21:57:13Z	404	0.988450	::1	https://localhost/r/GoThere1	
688	click-load-test-688	2026-06-26T21:57:13Z	404	0.989658	::1	https://localhost/r/GoThere1	
689	click-load-test-689	2026-06-26T21:57:13Z	404	1.010641	::1	https://localhost/r/GoThere1	
690	click-load-test-690	2026-06-26T21:57:13Z	404	1.018543	::1	https://localhost/r/GoThere1	
691	click-load-test-691	2026-06-26T21:57:13Z	404	1.012794	::1	https://localhost/r/GoThere1	
692	click-load-test-692	2026-06-26T21:57:13Z	404	1.017326	::1	https://localhost/r/GoThere1	
693	click-load-test-693	2026-06-26T21:57:13Z	404	0.994108	::1	https://localhost/r/GoThere1	
694	click-load-test-694	2026-06-26T21:57:13Z	404	1.003463	::1	https://localhost/r/GoThere1	
695	click-load-test-695	2026-06-26T21:57:13Z	404	1.006322	::1	https://localhost/r/GoThere1	
696	click-load-test-696	2026-06-26T21:57:13Z	404	1.020806	::1	https://localhost/r/GoThere1	
697	click-load-test-697	2026-06-26T21:57:13Z	404	1.049131	::1	https://localhost/r/GoThere1	
698	click-load-test-698	2026-06-26T21:57:13Z	404	1.048496	::1	https://localhost/r/GoThere1	
699	click-load-test-699	2026-06-26T21:57:13Z	404	1.035202	::1	https://localhost/r/GoThere1	
700	click-load-test-700	2026-06-26T21:57:13Z	404	1.024906	::1	https://localhost/r/GoThere1	
701	click-load-test-701	2026-06-26T21:57:13Z	404	1.019835	::1	https://localhost/r/GoThere1	
702	click-load-test-702	2026-06-26T21:57:13Z	404	1.028897	::1	https://localhost/r/GoThere1	
703	click-load-test-703	2026-06-26T21:57:13Z	404	1.030572	::1	https://localhost/r/GoThere1	
704	click-load-test-704	2026-06-26T21:57:13Z	404	1.042659	::1	https://localhost/r/GoThere1	
705	click-load-test-705	2026-06-26T21:57:13Z	404	1.034194	::1	https://localhost/r/GoThere1	
706	click-load-test-706	2026-06-26T21:57:13Z	404	1.031303	::1	https://localhost/r/GoThere1	
707	click-load-test-707	2026-06-26T21:57:13Z	404	1.031788	::1	https://localhost/r/GoThere1	
708	click-load-test-708	2026-06-26T21:57:13Z	404	1.036682	::1	https://localhost/r/GoThere1	
709	click-load-test-709	2026-06-26T21:57:13Z	404	0.995367	::1	https://localhost/r/GoThere1	
710	click-load-test-710	2026-06-26T21:57:13Z	404	0.990052	::1	https://localhost/r/GoThere1	
711	click-load-test-711	2026-06-26T21:57:13Z	404	0.995500	::1	https://localhost/r/GoThere1	
712	click-load-test-712	2026-06-26T21:57:13Z	404	0.995831	::1	https://localhost/r/GoThere1	
713	click-load-test-713	2026-06-26T21:57:13Z	404	0.990230	::1	https://localhost/r/GoThere1	
714	click-load-test-714	2026-06-26T21:57:13Z	404	0.970291	::1	https://localhost/r/GoThere1	
715	click-load-test-715	2026-06-26T21:57:14Z	404	0.980689	::1	https://localhost/r/GoThere1	
716	click-load-test-716	2026-06-26T21:57:14Z	404	0.981415	::1	https://localhost/r/GoThere1	
717	click-load-test-717	2026-06-26T21:57:14Z	404	0.932778	::1	https://localhost/r/GoThere1	
718	click-load-test-718	2026-06-26T21:57:14Z	404	0.929114	::1	https://localhost/r/GoThere1	
719	click-load-test-719	2026-06-26T21:57:14Z	404	0.941826	::1	https://localhost/r/GoThere1	
720	click-load-test-720	2026-06-26T21:57:14Z	404	0.942163	::1	https://localhost/r/GoThere1	
721	click-load-test-721	2026-06-26T21:57:14Z	404	0.924486	::1	https://localhost/r/GoThere1	
722	click-load-test-722	2026-06-26T21:57:14Z	404	0.913597	::1	https://localhost/r/GoThere1	
723	click-load-test-723	2026-06-26T21:57:14Z	404	0.914638	::1	https://localhost/r/GoThere1	
724	click-load-test-724	2026-06-26T21:57:14Z	404	0.922226	::1	https://localhost/r/GoThere1	
725	click-load-test-725	2026-06-26T21:57:14Z	404	0.921485	::1	https://localhost/r/GoThere1	
726	click-load-test-726	2026-06-26T21:57:14Z	404	0.923598	::1	https://localhost/r/GoThere1	
727	click-load-test-727	2026-06-26T21:57:14Z	404	0.919729	::1	https://localhost/r/GoThere1	
728	click-load-test-728	2026-06-26T21:57:14Z	404	0.918602	::1	https://localhost/r/GoThere1	
729	click-load-test-729	2026-06-26T21:57:14Z	404	0.891233	::1	https://localhost/r/GoThere1	
730	click-load-test-730	2026-06-26T21:57:14Z	404	0.901155	::1	https://localhost/r/GoThere1	
731	click-load-test-731	2026-06-26T21:57:14Z	404	0.892037	::1	https://localhost/r/GoThere1	
732	click-load-test-732	2026-06-26T21:57:14Z	404	0.909043	::1	https://localhost/r/GoThere1	
733	click-load-test-733	2026-06-26T21:57:14Z	404	0.883031	::1	https://localhost/r/GoThere1	
734	click-load-test-734	2026-06-26T21:57:14Z	404	0.882450	::1	https://localhost/r/GoThere1	
735	click-load-test-735	2026-06-26T21:57:14Z	404	0.899351	::1	https://localhost/r/GoThere1	
736	click-load-test-736	2026-06-26T21:57:14Z	404	0.899919	::1	https://localhost/r/GoThere1	
737	click-load-test-737	2026-06-26T21:57:14Z	404	0.911367	::1	https://localhost/r/GoThere1	
738	click-load-test-738	2026-06-26T21:57:14Z	404	0.926230	::1	https://localhost/r/GoThere1	
739	click-load-test-739	2026-06-26T21:57:14Z	404	0.915820	::1	https://localhost/r/GoThere1	
740	click-load-test-740	2026-06-26T21:57:14Z	404	0.906558	::1	https://localhost/r/GoThere1	
741	click-load-test-741	2026-06-26T21:57:14Z	404	0.912896	::1	https://localhost/r/GoThere1	
742	click-load-test-742	2026-06-26T21:57:14Z	404	0.907219	::1	https://localhost/r/GoThere1	
743	click-load-test-743	2026-06-26T21:57:14Z	404	0.910633	::1	https://localhost/r/GoThere1	
744	click-load-test-744	2026-06-26T21:57:14Z	404	0.895412	::1	https://localhost/r/GoThere1	
745	click-load-test-745	2026-06-26T21:57:14Z	404	0.909612	::1	https://localhost/r/GoThere1	
746	click-load-test-746	2026-06-26T21:57:14Z	404	0.917727	::1	https://localhost/r/GoThere1	
747	click-load-test-747	2026-06-26T21:57:14Z	404	0.890238	::1	https://localhost/r/GoThere1	
748	click-load-test-748	2026-06-26T21:57:14Z	404	0.885657	::1	https://localhost/r/GoThere1	
749	click-load-test-749	2026-06-26T21:57:14Z	404	0.896993	::1	https://localhost/r/GoThere1	
750	click-load-test-750	2026-06-26T21:57:14Z	404	0.913354	::1	https://localhost/r/GoThere1	
751	click-load-test-751	2026-06-26T21:57:14Z	404	0.871878	::1	https://localhost/r/GoThere1	
752	click-load-test-752	2026-06-26T21:57:14Z	404	0.892279	::1	https://localhost/r/GoThere1	
753	click-load-test-753	2026-06-26T21:57:14Z	404	0.875837	::1	https://localhost/r/GoThere1	
754	click-load-test-754	2026-06-26T21:57:14Z	404	0.884718	::1	https://localhost/r/GoThere1	
755	click-load-test-755	2026-06-26T21:57:14Z	404	0.870865	::1	https://localhost/r/GoThere1	
756	click-load-test-756	2026-06-26T21:57:14Z	404	0.856596	::1	https://localhost/r/GoThere1	
757	click-load-test-757	2026-06-26T21:57:14Z	404	0.855314	::1	https://localhost/r/GoThere1	
758	click-load-test-758	2026-06-26T21:57:14Z	404	0.856859	::1	https://localhost/r/GoThere1	
759	click-load-test-759	2026-06-26T21:57:14Z	404	0.856259	::1	https://localhost/r/GoThere1	
760	click-load-test-760	2026-06-26T21:57:14Z	404	0.864355	::1	https://localhost/r/GoThere1	
761	click-load-test-761	2026-06-26T21:57:14Z	404	0.857678	::1	https://localhost/r/GoThere1	
762	click-load-test-762	2026-06-26T21:57:15Z	404	0.851706	::1	https://localhost/r/GoThere1	
763	click-load-test-763	2026-06-26T21:57:15Z	404	0.862283	::1	https://localhost/r/GoThere1	
764	click-load-test-764	2026-06-26T21:57:15Z	404	0.864543	::1	https://localhost/r/GoThere1	
765	click-load-test-765	2026-06-26T21:57:15Z	404	0.859670	::1	https://localhost/r/GoThere1	
766	click-load-test-766	2026-06-26T21:57:15Z	404	0.860326	::1	https://localhost/r/GoThere1	
767	click-load-test-767	2026-06-26T21:57:15Z	404	0.841141	::1	https://localhost/r/GoThere1	
768	click-load-test-768	2026-06-26T21:57:15Z	404	0.852624	::1	https://localhost/r/GoThere1	
769	click-load-test-769	2026-06-26T21:57:15Z	404	0.828122	::1	https://localhost/r/GoThere1	
770	click-load-test-770	2026-06-26T21:57:15Z	404	0.838482	::1	https://localhost/r/GoThere1	
771	click-load-test-771	2026-06-26T21:57:15Z	404	0.833560	::1	https://localhost/r/GoThere1	
772	click-load-test-772	2026-06-26T21:57:15Z	404	0.836744	::1	https://localhost/r/GoThere1	
773	click-load-test-773	2026-06-26T21:57:15Z	404	0.833354	::1	https://localhost/r/GoThere1	
774	click-load-test-774	2026-06-26T21:57:15Z	404	0.817354	::1	https://localhost/r/GoThere1	
775	click-load-test-775	2026-06-26T21:57:15Z	404	0.803581	::1	https://localhost/r/GoThere1	
776	click-load-test-776	2026-06-26T21:57:15Z	404	0.818956	::1	https://localhost/r/GoThere1	
777	click-load-test-777	2026-06-26T21:57:15Z	404	0.812947	::1	https://localhost/r/GoThere1	
778	click-load-test-778	2026-06-26T21:57:15Z	404	0.816390	::1	https://localhost/r/GoThere1	
779	click-load-test-779	2026-06-26T21:57:15Z	404	0.825910	::1	https://localhost/r/GoThere1	
780	click-load-test-780	2026-06-26T21:57:15Z	404	0.836028	::1	https://localhost/r/GoThere1	
781	click-load-test-781	2026-06-26T21:57:15Z	404	0.811693	::1	https://localhost/r/GoThere1	
782	click-load-test-782	2026-06-26T21:57:15Z	404	0.816651	::1	https://localhost/r/GoThere1	
783	click-load-test-783	2026-06-26T21:57:15Z	404	0.835250	::1	https://localhost/r/GoThere1	
784	click-load-test-784	2026-06-26T21:57:15Z	404	0.848023	::1	https://localhost/r/GoThere1	
785	click-load-test-785	2026-06-26T21:57:15Z	404	0.854043	::1	https://localhost/r/GoThere1	
786	click-load-test-786	2026-06-26T21:57:15Z	404	0.853773	::1	https://localhost/r/GoThere1	
787	click-load-test-787	2026-06-26T21:57:15Z	404	0.828876	::1	https://localhost/r/GoThere1	
788	click-load-test-788	2026-06-26T21:57:15Z	404	0.812170	::1	https://localhost/r/GoThere1	
789	click-load-test-789	2026-06-26T21:57:15Z	404	0.801969	::1	https://localhost/r/GoThere1	
790	click-load-test-790	2026-06-26T21:57:15Z	404	0.789187	::1	https://localhost/r/GoThere1	
791	click-load-test-791	2026-06-26T21:57:15Z	404	0.788084	::1	https://localhost/r/GoThere1	
792	click-load-test-792	2026-06-26T21:57:15Z	404	0.800769	::1	https://localhost/r/GoThere1	
793	click-load-test-793	2026-06-26T21:57:15Z	404	0.796721	::1	https://localhost/r/GoThere1	
794	click-load-test-794	2026-06-26T21:57:15Z	404	0.781526	::1	https://localhost/r/GoThere1	
795	click-load-test-795	2026-06-26T21:57:15Z	404	0.784776	::1	https://localhost/r/GoThere1	
796	click-load-test-796	2026-06-26T21:57:15Z	404	0.789422	::1	https://localhost/r/GoThere1	
797	click-load-test-797	2026-06-26T21:57:15Z	404	0.821941	::1	https://localhost/r/GoThere1	
798	click-load-test-798	2026-06-26T21:57:15Z	404	0.833556	::1	https://localhost/r/GoThere1	
799	click-load-test-799	2026-06-26T21:57:15Z	404	0.821698	::1	https://localhost/r/GoThere1	
800	click-load-test-800	2026-06-26T21:57:15Z	404	0.804282	::1	https://localhost/r/GoThere1	
801	click-load-test-801	2026-06-26T21:57:15Z	404	0.813666	::1	https://localhost/r/GoThere1	
802	click-load-test-802	2026-06-26T21:57:15Z	404	0.792417	::1	https://localhost/r/GoThere1	
803	click-load-test-803	2026-06-26T21:57:15Z	404	0.799634	::1	https://localhost/r/GoThere1	
804	click-load-test-804	2026-06-26T21:57:15Z	404	0.793718	::1	https://localhost/r/GoThere1	
805	click-load-test-805	2026-06-26T21:57:15Z	404	0.770293	::1	https://localhost/r/GoThere1	
806	click-load-test-806	2026-06-26T21:57:15Z	404	0.769872	::1	https://localhost/r/GoThere1	
807	click-load-test-807	2026-06-26T21:57:15Z	404	0.759336	::1	https://localhost/r/GoThere1	
808	click-load-test-808	2026-06-26T21:57:15Z	404	0.766446	::1	https://localhost/r/GoThere1	
809	click-load-test-809	2026-06-26T21:57:15Z	404	0.769305	::1	https://localhost/r/GoThere1	
810	click-load-test-810	2026-06-26T21:57:15Z	404	0.763856	::1	https://localhost/r/GoThere1	
811	click-load-test-811	2026-06-26T21:57:15Z	404	0.776537	::1	https://localhost/r/GoThere1	
812	click-load-test-812	2026-06-26T21:57:15Z	404	0.784676	::1	https://localhost/r/GoThere1	
813	click-load-test-813	2026-06-26T21:57:15Z	404	0.784524	::1	https://localhost/r/GoThere1	
814	click-load-test-814	2026-06-26T21:57:15Z	404	0.760690	::1	https://localhost/r/GoThere1	
815	click-load-test-815	2026-06-26T21:57:15Z	404	0.754479	::1	https://localhost/r/GoThere1	
816	click-load-test-816	2026-06-26T21:57:15Z	404	0.750093	::1	https://localhost/r/GoThere1	
817	click-load-test-817	2026-06-26T21:57:16Z	404	0.751747	::1	https://localhost/r/GoThere1	
818	click-load-test-818	2026-06-26T21:57:16Z	404	0.748456	::1	https://localhost/r/GoThere1	
819	click-load-test-819	2026-06-26T21:57:16Z	404	0.752481	::1	https://localhost/r/GoThere1	
820	click-load-test-820	2026-06-26T21:57:16Z	404	0.742053	::1	https://localhost/r/GoThere1	
821	click-load-test-821	2026-06-26T21:57:16Z	404	0.735277	::1	https://localhost/r/GoThere1	
822	click-load-test-822	2026-06-26T21:57:16Z	404	0.730366	::1	https://localhost/r/GoThere1	
823	click-load-test-823	2026-06-26T21:57:16Z	404	0.725525	::1	https://localhost/r/GoThere1	
824	click-load-test-824	2026-06-26T21:57:16Z	404	0.728630	::1	https://localhost/r/GoThere1	
825	click-load-test-825	2026-06-26T21:57:16Z	404	0.732212	::1	https://localhost/r/GoThere1	
826	click-load-test-826	2026-06-26T21:57:16Z	404	0.716378	::1	https://localhost/r/GoThere1	
827	click-load-test-827	2026-06-26T21:57:16Z	404	0.724877	::1	https://localhost/r/GoThere1	
828	click-load-test-828	2026-06-26T21:57:16Z	404	0.729926	::1	https://localhost/r/GoThere1	
829	click-load-test-829	2026-06-26T21:57:16Z	404	0.745209	::1	https://localhost/r/GoThere1	
830	click-load-test-830	2026-06-26T21:57:16Z	404	0.733477	::1	https://localhost/r/GoThere1	
831	click-load-test-831	2026-06-26T21:57:16Z	404	0.726991	::1	https://localhost/r/GoThere1	
832	click-load-test-832	2026-06-26T21:57:16Z	404	0.728626	::1	https://localhost/r/GoThere1	
833	click-load-test-833	2026-06-26T21:57:16Z	404	0.709681	::1	https://localhost/r/GoThere1	
834	click-load-test-834	2026-06-26T21:57:16Z	404	0.711751	::1	https://localhost/r/GoThere1	
835	click-load-test-835	2026-06-26T21:57:16Z	404	0.708339	::1	https://localhost/r/GoThere1	
836	click-load-test-836	2026-06-26T21:57:16Z	404	0.710680	::1	https://localhost/r/GoThere1	
837	click-load-test-837	2026-06-26T21:57:16Z	404	0.714445	::1	https://localhost/r/GoThere1	
838	click-load-test-838	2026-06-26T21:57:16Z	404	0.719735	::1	https://localhost/r/GoThere1	
839	click-load-test-839	2026-06-26T21:57:16Z	404	0.709442	::1	https://localhost/r/GoThere1	
840	click-load-test-840	2026-06-26T21:57:16Z	404	0.717834	::1	https://localhost/r/GoThere1	
841	click-load-test-841	2026-06-26T21:57:16Z	404	0.698061	::1	https://localhost/r/GoThere1	
842	click-load-test-842	2026-06-26T21:57:16Z	404	0.695707	::1	https://localhost/r/GoThere1	
843	click-load-test-843	2026-06-26T21:57:16Z	404	0.694272	::1	https://localhost/r/GoThere1	
844	click-load-test-844	2026-06-26T21:57:16Z	404	0.680232	::1	https://localhost/r/GoThere1	
845	click-load-test-845	2026-06-26T21:57:16Z	404	0.676233	::1	https://localhost/r/GoThere1	
846	click-load-test-846	2026-06-26T21:57:16Z	404	0.694511	::1	https://localhost/r/GoThere1	
847	click-load-test-847	2026-06-26T21:57:16Z	404	0.710870	::1	https://localhost/r/GoThere1	
848	click-load-test-848	2026-06-26T21:57:16Z	404	0.696479	::1	https://localhost/r/GoThere1	
849	click-load-test-849	2026-06-26T21:57:16Z	404	0.706303	::1	https://localhost/r/GoThere1	
850	click-load-test-850	2026-06-26T21:57:16Z	404	0.705118	::1	https://localhost/r/GoThere1	
851	click-load-test-851	2026-06-26T21:57:16Z	404	0.705381	::1	https://localhost/r/GoThere1	
852	click-load-test-852	2026-06-26T21:57:16Z	404	0.704534	::1	https://localhost/r/GoThere1	
853	click-load-test-853	2026-06-26T21:57:16Z	404	0.712508	::1	https://localhost/r/GoThere1	
854	click-load-test-854	2026-06-26T21:57:16Z	404	0.705505	::1	https://localhost/r/GoThere1	
855	click-load-test-855	2026-06-26T21:57:16Z	404	0.717068	::1	https://localhost/r/GoThere1	
856	click-load-test-856	2026-06-26T21:57:16Z	404	0.716605	::1	https://localhost/r/GoThere1	
857	click-load-test-857	2026-06-26T21:57:16Z	404	0.712075	::1	https://localhost/r/GoThere1	
858	click-load-test-858	2026-06-26T21:57:16Z	404	0.704193	::1	https://localhost/r/GoThere1	
859	click-load-test-859	2026-06-26T21:57:16Z	404	0.705218	::1	https://localhost/r/GoThere1	
860	click-load-test-860	2026-06-26T21:57:16Z	404	0.702671	::1	https://localhost/r/GoThere1	
861	click-load-test-861	2026-06-26T21:57:16Z	404	0.698800	::1	https://localhost/r/GoThere1	
862	click-load-test-862	2026-06-26T21:57:16Z	404	0.711805	::1	https://localhost/r/GoThere1	
863	click-load-test-863	2026-06-26T21:57:16Z	404	0.697950	::1	https://localhost/r/GoThere1	
864	click-load-test-864	2026-06-26T21:57:16Z	404	0.716722	::1	https://localhost/r/GoThere1	
865	click-load-test-865	2026-06-26T21:57:16Z	404	0.723982	::1	https://localhost/r/GoThere1	
866	click-load-test-866	2026-06-26T21:57:16Z	404	0.730907	::1	https://localhost/r/GoThere1	
867	click-load-test-867	2026-06-26T21:57:16Z	404	0.723640	::1	https://localhost/r/GoThere1	
868	click-load-test-868	2026-06-26T21:57:16Z	404	0.723326	::1	https://localhost/r/GoThere1	
869	click-load-test-869	2026-06-26T21:57:16Z	404	0.721193	::1	https://localhost/r/GoThere1	
870	click-load-test-870	2026-06-26T21:57:16Z	404	0.735035	::1	https://localhost/r/GoThere1	
871	click-load-test-871	2026-06-26T21:57:16Z	404	0.728112	::1	https://localhost/r/GoThere1	
872	click-load-test-872	2026-06-26T21:57:16Z	404	0.728687	::1	https://localhost/r/GoThere1	
873	click-load-test-873	2026-06-26T21:57:16Z	404	0.722090	::1	https://localhost/r/GoThere1	
874	click-load-test-874	2026-06-26T21:57:16Z	404	0.723513	::1	https://localhost/r/GoThere1	
875	click-load-test-875	2026-06-26T21:57:16Z	404	0.707442	::1	https://localhost/r/GoThere1	
876	click-load-test-876	2026-06-26T21:57:16Z	404	0.710143	::1	https://localhost/r/GoThere1	
877	click-load-test-877	2026-06-26T21:57:16Z	404	0.699938	::1	https://localhost/r/GoThere1	
878	click-load-test-878	2026-06-26T21:57:16Z	404	0.702309	::1	https://localhost/r/GoThere1	
879	click-load-test-879	2026-06-26T21:57:17Z	404	0.715380	::1	https://localhost/r/GoThere1	
880	click-load-test-880	2026-06-26T21:57:17Z	404	0.697474	::1	https://localhost/r/GoThere1	
881	click-load-test-881	2026-06-26T21:57:17Z	404	0.698462	::1	https://localhost/r/GoThere1	
882	click-load-test-882	2026-06-26T21:57:17Z	404	0.699006	::1	https://localhost/r/GoThere1	
883	click-load-test-883	2026-06-26T21:57:17Z	404	0.709212	::1	https://localhost/r/GoThere1	
884	click-load-test-884	2026-06-26T21:57:17Z	404	0.700063	::1	https://localhost/r/GoThere1	
885	click-load-test-885	2026-06-26T21:57:17Z	404	0.699434	::1	https://localhost/r/GoThere1	
886	click-load-test-886	2026-06-26T21:57:17Z	404	0.698795	::1	https://localhost/r/GoThere1	
887	click-load-test-887	2026-06-26T21:57:17Z	404	0.707919	::1	https://localhost/r/GoThere1	
888	click-load-test-888	2026-06-26T21:57:17Z	404	0.695550	::1	https://localhost/r/GoThere1	
889	click-load-test-889	2026-06-26T21:57:17Z	404	0.708909	::1	https://localhost/r/GoThere1	
890	click-load-test-890	2026-06-26T21:57:17Z	404	0.701675	::1	https://localhost/r/GoThere1	
891	click-load-test-891	2026-06-26T21:57:17Z	404	0.703003	::1	https://localhost/r/GoThere1	
892	click-load-test-892	2026-06-26T21:57:17Z	404	0.698510	::1	https://localhost/r/GoThere1	
893	click-load-test-893	2026-06-26T21:57:17Z	404	0.711139	::1	https://localhost/r/GoThere1	
894	click-load-test-894	2026-06-26T21:57:17Z	404	0.704984	::1	https://localhost/r/GoThere1	
895	click-load-test-895	2026-06-26T21:57:17Z	404	0.692348	::1	https://localhost/r/GoThere1	
896	click-load-test-896	2026-06-26T21:57:17Z	404	0.689503	::1	https://localhost/r/GoThere1	
897	click-load-test-897	2026-06-26T21:57:17Z	404	0.677568	::1	https://localhost/r/GoThere1	
898	click-load-test-898	2026-06-26T21:57:17Z	404	0.676158	::1	https://localhost/r/GoThere1	
899	click-load-test-899	2026-06-26T21:57:17Z	404	0.684232	::1	https://localhost/r/GoThere1	
900	click-load-test-900	2026-06-26T21:57:17Z	404	0.679034	::1	https://localhost/r/GoThere1	
901	click-load-test-901	2026-06-26T21:57:17Z	404	0.689047	::1	https://localhost/r/GoThere1	
902	click-load-test-902	2026-06-26T21:57:17Z	404	0.675675	::1	https://localhost/r/GoThere1	
903	click-load-test-903	2026-06-26T21:57:17Z	404	0.681171	::1	https://localhost/r/GoThere1	
904	click-load-test-904	2026-06-26T21:57:17Z	404	0.670568	::1	https://localhost/r/GoThere1	
905	click-load-test-905	2026-06-26T21:57:17Z	404	0.682923	::1	https://localhost/r/GoThere1	
906	click-load-test-906	2026-06-26T21:57:17Z	404	0.687798	::1	https://localhost/r/GoThere1	
907	click-load-test-907	2026-06-26T21:57:17Z	404	0.701798	::1	https://localhost/r/GoThere1	
908	click-load-test-908	2026-06-26T21:57:17Z	404	0.704604	::1	https://localhost/r/GoThere1	
909	click-load-test-909	2026-06-26T21:57:17Z	404	0.717901	::1	https://localhost/r/GoThere1	
910	click-load-test-910	2026-06-26T21:57:17Z	404	0.699194	::1	https://localhost/r/GoThere1	
911	click-load-test-911	2026-06-26T21:57:17Z	404	0.699297	::1	https://localhost/r/GoThere1	
912	click-load-test-912	2026-06-26T21:57:17Z	404	0.691379	::1	https://localhost/r/GoThere1	
913	click-load-test-913	2026-06-26T21:57:17Z	404	0.698318	::1	https://localhost/r/GoThere1	
914	click-load-test-914	2026-06-26T21:57:17Z	404	0.692970	::1	https://localhost/r/GoThere1	
915	click-load-test-915	2026-06-26T21:57:17Z	404	0.690824	::1	https://localhost/r/GoThere1	
916	click-load-test-916	2026-06-26T21:57:17Z	404	0.685379	::1	https://localhost/r/GoThere1	
917	click-load-test-917	2026-06-26T21:57:17Z	404	0.704432	::1	https://localhost/r/GoThere1	
918	click-load-test-918	2026-06-26T21:57:17Z	404	0.700342	::1	https://localhost/r/GoThere1	
919	click-load-test-919	2026-06-26T21:57:17Z	404	0.705471	::1	https://localhost/r/GoThere1	
920	click-load-test-920	2026-06-26T21:57:17Z	404	0.700125	::1	https://localhost/r/GoThere1	
921	click-load-test-921	2026-06-26T21:57:17Z	404	0.707710	::1	https://localhost/r/GoThere1	
922	click-load-test-922	2026-06-26T21:57:17Z	404	0.697997	::1	https://localhost/r/GoThere1	
923	click-load-test-923	2026-06-26T21:57:17Z	404	0.712050	::1	https://localhost/r/GoThere1	
924	click-load-test-924	2026-06-26T21:57:17Z	404	0.714181	::1	https://localhost/r/GoThere1	
925	click-load-test-925	2026-06-26T21:57:17Z	404	0.730294	::1	https://localhost/r/GoThere1	
926	click-load-test-926	2026-06-26T21:57:17Z	404	0.715622	::1	https://localhost/r/GoThere1	
927	click-load-test-927	2026-06-26T21:57:17Z	404	0.716835	::1	https://localhost/r/GoThere1	
928	click-load-test-928	2026-06-26T21:57:17Z	404	0.707834	::1	https://localhost/r/GoThere1	
929	click-load-test-929	2026-06-26T21:57:17Z	404	0.692527	::1	https://localhost/r/GoThere1	
930	click-load-test-930	2026-06-26T21:57:17Z	404	0.701946	::1	https://localhost/r/GoThere1	
931	click-load-test-931	2026-06-26T21:57:17Z	404	0.709252	::1	https://localhost/r/GoThere1	
932	click-load-test-932	2026-06-26T21:57:17Z	404	0.732158	::1	https://localhost/r/GoThere1	
933	click-load-test-933	2026-06-26T21:57:17Z	404	0.728603	::1	https://localhost/r/GoThere1	
934	click-load-test-934	2026-06-26T21:57:17Z	404	0.729503	::1	https://localhost/r/GoThere1	
935	click-load-test-935	2026-06-26T21:57:17Z	404	0.734403	::1	https://localhost/r/GoThere1	
936	click-load-test-936	2026-06-26T21:57:17Z	404	0.736981	::1	https://localhost/r/GoThere1	
937	click-load-test-937	2026-06-26T21:57:17Z	404	0.743589	::1	https://localhost/r/GoThere1	
938	click-load-test-938	2026-06-26T21:57:17Z	404	0.751649	::1	https://localhost/r/GoThere1	
939	click-load-test-939	2026-06-26T21:57:17Z	404	0.740734	::1	https://localhost/r/GoThere1	
940	click-load-test-940	2026-06-26T21:57:17Z	404	0.750442	::1	https://localhost/r/GoThere1	
941	click-load-test-941	2026-06-26T21:57:17Z	404	0.755446	::1	https://localhost/r/GoThere1	
942	click-load-test-942	2026-06-26T21:57:17Z	404	0.757925	::1	https://localhost/r/GoThere1	
943	click-load-test-943	2026-06-26T21:57:17Z	404	0.741001	::1	https://localhost/r/GoThere1	
944	click-load-test-944	2026-06-26T21:57:17Z	404	0.744104	::1	https://localhost/r/GoThere1	
945	click-load-test-945	2026-06-26T21:57:18Z	404	0.742085	::1	https://localhost/r/GoThere1	
946	click-load-test-946	2026-06-26T21:57:18Z	404	0.741237	::1	https://localhost/r/GoThere1	
947	click-load-test-947	2026-06-26T21:57:18Z	404	0.738875	::1	https://localhost/r/GoThere1	
948	click-load-test-948	2026-06-26T21:57:18Z	404	0.737001	::1	https://localhost/r/GoThere1	
949	click-load-test-949	2026-06-26T21:57:18Z	404	0.737948	::1	https://localhost/r/GoThere1	
950	click-load-test-950	2026-06-26T21:57:18Z	404	0.734957	::1	https://localhost/r/GoThere1	
951	click-load-test-951	2026-06-26T21:57:18Z	404	0.728501	::1	https://localhost/r/GoThere1	
952	click-load-test-952	2026-06-26T21:57:18Z	404	0.725670	::1	https://localhost/r/GoThere1	
953	click-load-test-953	2026-06-26T21:57:18Z	404	0.717007	::1	https://localhost/r/GoThere1	
954	click-load-test-954	2026-06-26T21:57:18Z	404	0.714987	::1	https://localhost/r/GoThere1	
955	click-load-test-955	2026-06-26T21:57:18Z	404	0.704720	::1	https://localhost/r/GoThere1	
956	click-load-test-956	2026-06-26T21:57:18Z	404	0.693503	::1	https://localhost/r/GoThere1	
957	click-load-test-957	2026-06-26T21:57:18Z	404	0.690217	::1	https://localhost/r/GoThere1	
958	click-load-test-958	2026-06-26T21:57:18Z	404	0.667634	::1	https://localhost/r/GoThere1	
959	click-load-test-959	2026-06-26T21:57:18Z	404	0.661956	::1	https://localhost/r/GoThere1	
960	click-load-test-960	2026-06-26T21:57:18Z	404	0.657238	::1	https://localhost/r/GoThere1	
961	click-load-test-961	2026-06-26T21:57:18Z	404	0.650152	::1	https://localhost/r/GoThere1	
962	click-load-test-962	2026-06-26T21:57:18Z	404	0.637469	::1	https://localhost/r/GoThere1	
963	click-load-test-963	2026-06-26T21:57:18Z	404	0.637198	::1	https://localhost/r/GoThere1	
964	click-load-test-964	2026-06-26T21:57:18Z	404	0.636910	::1	https://localhost/r/GoThere1	
965	click-load-test-965	2026-06-26T21:57:18Z	404	0.635124	::1	https://localhost/r/GoThere1	
966	click-load-test-966	2026-06-26T21:57:18Z	404	0.625879	::1	https://localhost/r/GoThere1	
967	click-load-test-967	2026-06-26T21:57:18Z	404	0.609444	::1	https://localhost/r/GoThere1	
968	click-load-test-968	2026-06-26T21:57:18Z	404	0.608728	::1	https://localhost/r/GoThere1	
969	click-load-test-969	2026-06-26T21:57:18Z	404	0.595344	::1	https://localhost/r/GoThere1	
970	click-load-test-970	2026-06-26T21:57:18Z	404	0.587924	::1	https://localhost/r/GoThere1	
971	click-load-test-971	2026-06-26T21:57:18Z	404	0.576901	::1	https://localhost/r/GoThere1	
972	click-load-test-972	2026-06-26T21:57:18Z	404	0.573572	::1	https://localhost/r/GoThere1	
973	click-load-test-973	2026-06-26T21:57:18Z	404	0.562523	::1	https://localhost/r/GoThere1	
974	click-load-test-974	2026-06-26T21:57:18Z	404	0.536975	::1	https://localhost/r/GoThere1	
975	click-load-test-975	2026-06-26T21:57:18Z	404	0.519523	::1	https://localhost/r/GoThere1	
976	click-load-test-976	2026-06-26T21:57:18Z	404	0.522198	::1	https://localhost/r/GoThere1	
977	click-load-test-977	2026-06-26T21:57:18Z	404	0.521350	::1	https://localhost/r/GoThere1	
978	click-load-test-978	2026-06-26T21:57:18Z	404	0.500514	::1	https://localhost/r/GoThere1	
979	click-load-test-979	2026-06-26T21:57:18Z	404	0.493648	::1	https://localhost/r/GoThere1	
980	click-load-test-980	2026-06-26T21:57:18Z	404	0.474274	::1	https://localhost/r/GoThere1	
981	click-load-test-981	2026-06-26T21:57:18Z	404	0.477184	::1	https://localhost/r/GoThere1	
982	click-load-test-982	2026-06-26T21:57:18Z	404	0.466237	::1	https://localhost/r/GoThere1	
983	click-load-test-983	2026-06-26T21:57:18Z	404	0.455516	::1	https://localhost/r/GoThere1	
984	click-load-test-984	2026-06-26T21:57:18Z	404	0.450697	::1	https://localhost/r/GoThere1	
985	click-load-test-985	2026-06-26T21:57:18Z	404	0.449913	::1	https://localhost/r/GoThere1	
986	click-load-test-986	2026-06-26T21:57:18Z	404	0.429186	::1	https://localhost/r/GoThere1	
987	click-load-test-987	2026-06-26T21:57:18Z	404	0.411775	::1	https://localhost/r/GoThere1	
988	click-load-test-988	2026-06-26T21:57:18Z	404	0.415221	::1	https://localhost/r/GoThere1	
989	click-load-test-989	2026-06-26T21:57:18Z	404	0.411969	::1	https://localhost/r/GoThere1	
990	click-load-test-990	2026-06-26T21:57:18Z	404	0.402928	::1	https://localhost/r/GoThere1	
991	click-load-test-991	2026-06-26T21:57:18Z	404	0.404415	::1	https://localhost/r/GoThere1	
992	click-load-test-992	2026-06-26T21:57:18Z	404	0.388315	::1	https://localhost/r/GoThere1	
993	click-load-test-993	2026-06-26T21:57:18Z	404	0.381063	::1	https://localhost/r/GoThere1	
994	click-load-test-994	2026-06-26T21:57:18Z	404	0.380400	::1	https://localhost/r/GoThere1	
995	click-load-test-995	2026-06-26T21:57:18Z	404	0.374652	::1	https://localhost/r/GoThere1	
996	click-load-test-996	2026-06-26T21:57:18Z	404	0.369344	::1	https://localhost/r/GoThere1	
997	click-load-test-997	2026-06-26T21:57:18Z	404	0.361321	::1	https://localhost/r/GoThere1	
998	click-load-test-998	2026-06-26T21:57:18Z	404	0.354900	::1	https://localhost/r/GoThere1	
999	click-load-test-999	2026-06-26T21:57:18Z	404	0.339003	::1	https://localhost/r/GoThere1	
1000	click-load-test-1000	2026-06-26T21:57:18Z	404	0.331608	::1	https://localhost/r/GoThere1	
